<?xml version="1.0" encoding="UTF-8"?>
<FlowLayout bottom-margin="0.0" even="false" height="100.0%" horizontal="true" horizontal-alignment="left" left-margin="0.0" right-margin="0.0" top-margin="0.0" vertical-alignment="top" width="100.0%">
	<Component bottom-margin="0.0" height="10%" horizontal-alignment="left" left-margin="15%" right-margin="0.0" top-margin="7%" type="image" vertical-alignment="top" width="20%">
		<ComponentValues darkColor="1" lightColor="3"/>
	</Component>
	<Component bottom-margin="0.0" height="6%" horizontal-alignment="left" left-margin="-29%" right-margin="0.0" top-margin="20%" type="label" vertical-alignment="top" width="39%">
		<ComponentValues Line="2" darkColor="1" lightColor="3"/>
	</Component>
	<Component bottom-margin="0.0" height="31%" horizontal-alignment="left" left-margin="3%" right-margin="0.0" top-margin="0%" type="image" vertical-alignment="top" width="5%">
		<ComponentValues darkColor="3" lightColor="5"/>
	</Component>
	<Component bottom-margin="0.0" height="10%" horizontal-alignment="left" left-margin="13%" right-margin="0.0" top-margin="7%" type="image" vertical-alignment="top" width="20%">
		<ComponentValues darkColor="1" lightColor="3"/>
	</Component>
	<Component bottom-margin="0.0" height="6%" horizontal-alignment="left" left-margin="-30%" right-margin="0.0" top-margin="20%" type="label" vertical-alignment="top" width="39%">
		<ComponentValues Line="2" darkColor="1" lightColor="3"/>
	</Component>
	<Component bottom-margin="0.0" height="3%" horizontal-alignment="left" left-margin="-95%" right-margin="0.0" top-margin="31%" type="image" vertical-alignment="top" width="100%">
		<ComponentValues darkColor="3" lightColor="5"/>
	</Component>
	<Component bottom-margin="0.0" height="10%" horizontal-alignment="left" left-margin="-85%" right-margin="0.0" top-margin="40.5%" type="image" vertical-alignment="top" width="20%">
		<ComponentValues darkColor="1" lightColor="3"/>
	</Component>
	<Component bottom-margin="0.0" height="6%" horizontal-alignment="left" left-margin="-29%" right-margin="0.0" top-margin="53%" type="label" vertical-alignment="top" width="39%">
		<ComponentValues Line="2" darkColor="1" lightColor="3"/>
	</Component>
	<Component bottom-margin="0.0" height="31.4%" horizontal-alignment="left" left-margin="3%" right-margin="0.0" top-margin="34%" type="image" vertical-alignment="top" width="5%">
		<ComponentValues darkColor="3" lightColor="5"/>
	</Component>
	<Component bottom-margin="0.0" height="10.5%" horizontal-alignment="left" left-margin="13%" right-margin="0.0" top-margin="40%" type="image" vertical-alignment="top" width="20%">
		<ComponentValues darkColor="1" lightColor="3"/>
	</Component>
	<Component bottom-margin="0.0" height="6.4%" horizontal-alignment="left" left-margin="-30%" right-margin="0.0" top-margin="53%" type="label" vertical-alignment="top" width="39%">
		<ComponentValues Line="2" lightColor="3"/>
	</Component>
	<Component bottom-margin="0.0" height="3%" horizontal-alignment="left" left-margin="-95%" right-margin="0.0" top-margin="65.4%" type="image" vertical-alignment="top" width="100%">
		<ComponentValues darkColor="3" lightColor="5"/>
	</Component>
	<Component bottom-margin="0.0" height="10%" horizontal-alignment="left" left-margin="-85%" right-margin="0.0" top-margin="74%" type="image" vertical-alignment="top" width="20%">
		<ComponentValues darkColor="1" lightColor="3"/>
	</Component>
	<Component bottom-margin="0.0" height="6%" horizontal-alignment="left" left-margin="-29%" right-margin="0.0" top-margin="87%" type="label" vertical-alignment="top" width="39%">
		<ComponentValues Line="2" darkColor="1" lightColor="3"/>
	</Component>
	<Component bottom-margin="0.0" height="31%" horizontal-alignment="left" left-margin="3%" right-margin="0.0" top-margin="68.6%" type="image" vertical-alignment="top" width="5%">
		<ComponentValues darkColor="3" lightColor="5"/>
	</Component>
	<Component bottom-margin="0.0" height="10%" horizontal-alignment="left" left-margin="13%" right-margin="0.0" top-margin="74%" type="image" vertical-alignment="top" width="20%">
		<ComponentValues darkColor="1" lightColor="3"/>
	</Component>
	<Component bottom-margin="0.0" height="6%" horizontal-alignment="left" left-margin="-30%" right-margin="0.0" top-margin="87%" type="label" vertical-alignment="top" width="39%">
		<ComponentValues Line="2" darkColor="1" lightColor="3"/>
	</Component>
</FlowLayout>