<?xml version="1.0" encoding="UTF-8"?>
<FlowLayout bottom-margin="0.0" even="false" height="100.0%" horizontal="false" horizontal-alignment="left" left-margin="0.0" right-margin="0.0" top-margin="0.0" vertical-alignment="top" width="100.0%">
	<FlowLayout bottom-margin="0.0" even="false" height="50.0%" horizontal="false" horizontal-alignment="left" left-margin="0.0" right-margin="0.0" top-margin="0.0" vertical-alignment="top" width="100.0%">
		<Component bottom-margin="0.0" height="30%" horizontal-alignment="left" left-margin="35%" right-margin="0.0" top-margin="64%" type="image" vertical-alignment="top" width="30%"/>
	</FlowLayout>
	<FlowLayout bottom-margin="0.0" even="false" height="50.0%" horizontal="true" horizontal-alignment="left" left-margin="0.0" right-margin="0.0" top-margin="0.0" vertical-alignment="top" width="100.0%">
		<Component bottom-margin="0.0" height="8%" horizontal-alignment="left" left-margin="25%" right-margin="0.0" top-margin="56%" type="label" vertical-alignment="top" width="50%">
			<ComponentValues darkColor="4" lightColor="1"/>
		</Component>
		<Component bottom-margin="0.0" height="11%" horizontal-alignment="left" left-margin="-45%" right-margin="0.0" top-margin="66%" type="label" vertical-alignment="top" width="40%">
			<ComponentValues Line="2" darkColor="1" lightColor="3"/>
		</Component>
		<Component bottom-margin="0.0" height="11%" horizontal-alignment="left" left-margin="-45%" right-margin="0.0" top-margin="83.4%" type="image" vertical-alignment="top" width="49%"/>
	</FlowLayout>
</FlowLayout>