<?xml version="1.0" encoding="UTF-8"?>
<FlowLayout bottom-margin="0.0" even="false" height="100.0%" horizontal="true" horizontal-alignment="left" left-margin="0.0" right-margin="0.0" top-margin="0.0" vertical-alignment="top" width="100.0%">
	<Component bottom-margin="0.0" height="62%" horizontal-alignment="left" left-margin="3%" right-margin="0.0" top-margin="5.6%" type="image" vertical-alignment="top" width="51.%">
		<ComponentValues darkColor="4" lightColor="3"/>
	</Component>
	<Component bottom-margin="0.0" height="4%" horizontal-alignment="left" left-margin="5.5%" right-margin="0.0" top-margin="22.2%" type="label" vertical-alignment="top" width="24.3%">
		<ComponentValues darkColor="4" lightColor="1"/>
	</Component>
	<Component bottom-margin="0.0" height="28%" horizontal-alignment="left" left-margin="-24.6%" right-margin="0.0" top-margin="30.9%" type="label" vertical-alignment="top" width="38.%">
		<ComponentValues Line="6" darkColor="1" lightColor="3"/>
	</Component>
	<Component bottom-margin="0.0" height="22%" horizontal-alignment="left" left-margin="-94%" right-margin="0.0" top-margin="72%" type="image" vertical-alignment="top" width="15.%">
		<ComponentValues darkColor="1" lightColor="3"/>
	</Component>
	<Component bottom-margin="0.0" height="22%" horizontal-alignment="left" left-margin="3%" right-margin="0.0" top-margin="72%" type="image" vertical-alignment="top" width="15.%">
		<ComponentValues darkColor="4" lightColor="3"/>
	</Component>
	<Component bottom-margin="0.0" height="22%" horizontal-alignment="left" left-margin="3%" right-margin="0.0" top-margin="72%" type="image" vertical-alignment="top" width="15.%">
		<ComponentValues darkColor="4" lightColor="3"/>
	</Component>
	<Component bottom-margin="0.0" height="14%" horizontal-alignment="left" left-margin="4.5%" right-margin="0.0" top-margin="67%" type="button" vertical-alignment="top" width="20.%">
		<ComponentValues darkColor="0" lightColor="0"/>
	</Component>
</FlowLayout>