<?xml version="1.0" encoding="UTF-8"?>
<FlowLayout bottom-margin="0.0" even="false" height="100.0%" horizontal="true" horizontal-alignment="left" left-margin="0.0" right-margin="0.0" top-margin="0.0" vertical-alignment="top" width="100.0%">
	<Component bottom-margin="0.0" height="40%" horizontal-alignment="left" left-margin="3%" right-margin="0.0" top-margin="8%" type="image" vertical-alignment="top" width="41.%"/>
	<Component bottom-margin="0.0" height="4%" horizontal-alignment="left" left-margin="2%" right-margin="0.0" top-margin="15.2%" type="label" vertical-alignment="top" width="9.%">
		<ComponentValues darkColor="1" lightColor="3"/>
	</Component>
	<Component bottom-margin="0.0" height="4%" horizontal-alignment="left" left-margin="-9%" right-margin="0.0" top-margin="24.2%" type="label" vertical-alignment="top" width="24.%">
		<ComponentValues darkColor="4" lightColor="1"/>
	</Component>
	<Component bottom-margin="0.0" height="8%" horizontal-alignment="left" left-margin="-24%" right-margin="0.0" top-margin="31.9%" type="label" vertical-alignment="top" width="52.%">
		<ComponentValues Line="2" darkColor="1" lightColor="3"/>
	</Component>
	<Component bottom-margin="0.0" height="40%" horizontal-alignment="left" left-margin="-95%" right-margin="0.0" top-margin="52%" type="image" vertical-alignment="top" width="41%">
		<ComponentValues darkColor="1"/>
	</Component>
	<Component bottom-margin="0.0" height="4%" horizontal-alignment="left" left-margin="2%" right-margin="0.0" top-margin="58.2%" type="label" vertical-alignment="top" width="9.%">
		<ComponentValues darkColor="1" lightColor="3"/>
	</Component>
	<Component bottom-margin="0.0" height="4%" horizontal-alignment="left" left-margin="-8.8%" right-margin="0.0" top-margin="67.5%" type="label" vertical-alignment="top" width="24.%">
		<ComponentValues darkColor="4" lightColor="1"/>
	</Component>
	<Component bottom-margin="0.0" height="8%" horizontal-alignment="left" left-margin="-24%" right-margin="0.0" top-margin="75.9%" type="label" vertical-alignment="top" width="52%">
		<ComponentValues Line="2" darkColor="1" lightColor="3"/>
	</Component>
</FlowLayout>