<?xml version="1.0" encoding="UTF-8"?>
<FlowLayout bottom-margin="0.0" even="false" height="100.0%" horizontal="true" horizontal-alignment="left" left-margin="0.0" right-margin="0.0" top-margin="0.0" vertical-alignment="top" width="100.0%">
	<FlowLayout bottom-margin="0.0" even="false" height="100.0%" horizontal="false" horizontal-alignment="left" left-margin="0.0" right-margin="0.0" top-margin="0.0" vertical-alignment="top" width="50.0%">
		<Component bottom-margin="0.0" height="4.9%" horizontal-alignment="left" left-margin="15.6%" right-margin="0.0" top-margin="15%" type="label" vertical-alignment="top" width="63.7%">
			<ComponentValues darkColor="4" lightColor="1"/>
		</Component>
		<Component bottom-margin="0.0" height="8%" horizontal-alignment="left" left-margin="15%" right-margin="0.0" top-margin="4%" type="label" vertical-alignment="top" width="47.9%">
			<ComponentValues Line="2" darkColor="1" lightColor="3"/>
		</Component>
		<Component bottom-margin="0.0" height="18%" horizontal-alignment="left" left-margin="14%" right-margin="0.0" top-margin="9%" type="image" vertical-alignment="top" width="21.7%">
			<ComponentValues darkColor="1" imageType="circle" lightColor="3"/>
		</Component>
		<Component bottom-margin="0.0" height="4.%" horizontal-alignment="left" left-margin="37.6%" right-margin="0.0" top-margin="-17%" type="label" vertical-alignment="top" width="48.7%">
			<ComponentValues darkColor="4" lightColor="1"/>
		</Component>
		<Component bottom-margin="0.0" height="8%" horizontal-alignment="left" left-margin="38%" right-margin="0.0" top-margin="4%" type="label" vertical-alignment="top" width="36.9%">
			<ComponentValues Line="2" darkColor="1" lightColor="3"/>
		</Component>
		<Component bottom-margin="0.0" height="18%" horizontal-alignment="left" left-margin="14%" right-margin="0.0" top-margin="10%" type="image" vertical-alignment="top" width="21.7%">
			<ComponentValues darkColor="1" imageType="circle" lightColor="3"/>
		</Component>
		<Component bottom-margin="0.0" height="4.%" horizontal-alignment="left" left-margin="37.6%" right-margin="0.0" top-margin="-17.5%" type="label" vertical-alignment="top" width="48.7%">
			<ComponentValues darkColor="4" lightColor="1"/>
		</Component>
		<Component bottom-margin="0.0" height="8%" horizontal-alignment="left" left-margin="38%" right-margin="0.0" top-margin="4%" type="label" vertical-alignment="top" width="36.9%">
			<ComponentValues Line="2" darkColor="1" lightColor="3"/>
		</Component>
	</FlowLayout>
	<FlowLayout bottom-margin="0.0" even="false" height="100.0%" horizontal="false" horizontal-alignment="left" left-margin="0.0" right-margin="0.0" top-margin="0.0" vertical-alignment="top" width="50.0%">
		<Component bottom-margin="0.0" height="90%" horizontal-alignment="left" left-margin="13%" right-margin="0.0" top-margin="10%" type="image" vertical-alignment="top" width="61%">
			<ComponentValues darkColor="1" lightColor="3"/>
		</Component>
	</FlowLayout>
</FlowLayout>