<?xml version="1.0" encoding="UTF-8"?>
<FlowLayout bottom-margin="0.0" even="false" height="100.0%" horizontal="false" horizontal-alignment="left" left-margin="0.0" right-margin="0.0" top-margin="0.0" vertical-alignment="top" width="100.0%">
	<Component bottom-margin="0.0" height="42.0%" horizontal-alignment="center" left-margin="3.0%" right-margin="0.0" top-margin="5.0%" type="image" vertical-alignment="center" width="94.5%">
		<ComponentValues darkColor="1" lightColor="3"/>
	</Component>
	<Component bottom-margin="0.0%" height="4.0%" horizontal-alignment="left" left-margin="3.0%" right-margin="2.0%" top-margin="5.0%" type="label" vertical-alignment="top" width="24.2%">
		<ComponentValues lightColor="1"/>
	</Component>
	<Component bottom-margin="0.0%" height="13.0%" horizontal-alignment="left" left-margin="3.0%" right-margin="2.0%" top-margin="5.0%" type="label" vertical-alignment="top" width="94.5%">
		<ComponentValues Line="3" lightColor="3"/>
	</Component>
	<Component bottom-margin="0.0%" height="18.0%" horizontal-alignment="left" left-margin="2.4%" right-margin="2.0%" top-margin="4.4%" type="image" vertical-alignment="top" width="10%">
		<ComponentValues imageType="circle" lightColor="3"/>
	</Component>
</FlowLayout>