<?xml version="1.0" encoding="UTF-8"?>
<FlowLayout bottom-margin="0.0" even="false" height="100.0%" horizontal="false" horizontal-alignment="left" left-margin="0.0" right-margin="0.0" top-margin="0.0" vertical-alignment="top" width="100.0%">
	<FlowLayout bottom-margin="0.0" even="false" height="62.0%" horizontal="true" horizontal-alignment="left" left-margin="0.0" right-margin="0.0" top-margin="0.0" vertical-alignment="top" width="100.0%">
		<Component bottom-margin="0.0" height="7%" horizontal-alignment="left" left-margin="5.6%" right-margin="0.0" top-margin="37.5%" type="label" vertical-alignment="top" width="32.7%">
			<ComponentValues darkColor="4" lightColor="1"/>
		</Component>
		<Component bottom-margin="0.0" height="13%" horizontal-alignment="left" left-margin="-32.6%" right-margin="0.0" top-margin="52%" type="label" vertical-alignment="top" width="23.7%">
			<ComponentValues Line="2" darkColor="1" lightColor="3"/>
		</Component>
		<Component bottom-margin="0.0" height="88%" horizontal-alignment="left" left-margin="18.6%" right-margin="0.0" top-margin="7%" type="image" vertical-alignment="top" width="49.7%">
			<ComponentValues darkColor="1" lightColor="3"/>
		</Component>
	</FlowLayout>
	<FlowLayout bottom-margin="0.0" even="false" height="2.0%" horizontal="true" horizontal-alignment="left" left-margin="0.0" right-margin="0.0" top-margin="0.0" vertical-alignment="top" width="100.0%">
		<Component bottom-margin="0.0" height="40%" horizontal-alignment="left" left-margin="0%" right-margin="0.0" top-margin="28%" type="image" vertical-alignment="top" width="100.7%">
			<ComponentValues darkColor="3" lightColor="5"/>
		</Component>
	</FlowLayout>
	<FlowLayout bottom-margin="0.0" even="false" height="38.0%" horizontal="true" horizontal-alignment="left" left-margin="0.0" right-margin="0.0" top-margin="0.0" vertical-alignment="top" width="100.0%">
		<Component bottom-margin="0.0" height="12%" horizontal-alignment="left" left-margin="6.9%" right-margin="0.0" top-margin="25%" type="label" vertical-alignment="top" width="24.7%">
			<ComponentValues darkColor="4" lightColor="1"/>
		</Component>
		<Component bottom-margin="0.0" height="24%" horizontal-alignment="left" left-margin="-21.6%" right-margin="0.0" top-margin="50%" type="label" vertical-alignment="top" width="18.7%">
			<ComponentValues Line="2" darkColor="1" lightColor="3"/>
		</Component>
		<Component bottom-margin="0.0" height="12%" horizontal-alignment="left" left-margin="9.4%" right-margin="0.0" top-margin="25%" type="label" vertical-alignment="top" width="24.7%">
			<ComponentValues darkColor="4" lightColor="1"/>
		</Component>
		<Component bottom-margin="0.0" height="24%" horizontal-alignment="left" left-margin="-21.6%" right-margin="0.0" top-margin="50%" type="label" vertical-alignment="top" width="18.7%">
			<ComponentValues Line="2" darkColor="1" lightColor="3"/>
		</Component>
		<Component bottom-margin="0.0" height="12%" horizontal-alignment="left" left-margin="9.3%" right-margin="0.0" top-margin="25%" type="label" vertical-alignment="top" width="24.7%">
			<ComponentValues darkColor="4" lightColor="1"/>
		</Component>
		<Component bottom-margin="0.0" height="24%" horizontal-alignment="left" left-margin="-21.6%" right-margin="0.0" top-margin="50%" type="label" vertical-alignment="top" width="18.7%">
			<ComponentValues Line="2" darkColor="1" lightColor="3"/>
		</Component>
	</FlowLayout>
</FlowLayout>