<?xml version="1.0" encoding="UTF-8"?>
<FlowLayout bottom-margin="0.0" even="false" height="100.0%" horizontal="true" horizontal-alignment="left" left-margin="0.0" right-margin="0.0" top-margin="0.0" vertical-alignment="top" width="100.0%">
	<FlowLayout bottom-margin="0.0" even="false" height="100.0%" horizontal="true" horizontal-alignment="left" left-margin="0.0" right-margin="0.0" top-margin="0.0" vertical-alignment="top" width="49.0%">
		<Component bottom-margin="0.0" height="4.0%" horizontal-alignment="left" left-margin="18.4%" right-margin="0.0" top-margin="32.4%" type="label" vertical-alignment="top" width="64.5%">
			<ComponentValues lightColor="1"/>
		</Component>
		<Component bottom-margin="0.0" height="7%" horizontal-alignment="left" left-margin="-56.7%" right-margin="0.0" top-margin="41.0%" type="label" vertical-alignment="top" width="49.%">
			<ComponentValues Line="2" darkColor="1" lightColor="3"/>
		</Component>
		<Component bottom-margin="0.0" height="10%" horizontal-alignment="left" left-margin="-43.7%" right-margin="0.0" top-margin="59.0%" type="button" vertical-alignment="top" width="38.6%">
			<ComponentValues lightColor="0"/>
		</Component>
	</FlowLayout>
	<FlowLayout bottom-margin="0.0" even="false" height="100.0%" horizontal="true" horizontal-alignment="left" left-margin="0.0" right-margin="0.0" top-margin="0.0" vertical-alignment="top" width="2.5%">
		<Component bottom-margin="0.0" height="100.0%" horizontal-alignment="left" left-margin="38.9%" right-margin="0.0" top-margin="0%" type="image" vertical-alignment="top" width="24%">
			<ComponentValues lightColor="5"/>
		</Component>
	</FlowLayout>
	<FlowLayout bottom-margin="0.0" even="false" height="100.0%" horizontal="true" horizontal-alignment="left" left-margin="0.0" right-margin="0.0" top-margin="0.0" vertical-alignment="top" width="48.0%">
		<Component bottom-margin="0.0" height="4.0%" horizontal-alignment="left" left-margin="17.9%" right-margin="0.0" top-margin="32.4%" type="label" vertical-alignment="top" width="64.5%">
			<ComponentValues lightColor="1"/>
		</Component>
		<Component bottom-margin="0.0" height="7%" horizontal-alignment="left" left-margin="-56.7%" right-margin="0.0" top-margin="41.0%" type="label" vertical-alignment="top" width="49.%">
			<ComponentValues Line="2" darkColor="1" lightColor="3"/>
		</Component>
		<Component bottom-margin="0.0" height="10%" horizontal-alignment="left" left-margin="-44.7%" right-margin="0.0" top-margin="59.0%" type="button" vertical-alignment="top" width="40.6%">
			<ComponentValues lightColor="0"/>
		</Component>
	</FlowLayout>
</FlowLayout>