<?xml version="1.0" encoding="UTF-8"?>
<FlowLayout bottom-margin="0.0" even="false" height="100.0%" horizontal="true" horizontal-alignment="left" left-margin="0.0" right-margin="0.0%" top-margin="0.0" vertical-alignment="top" width="100.0%">
	<Component bottom-margin="5.0%" height="3.0%" horizontal-alignment="center" left-margin="4.7%" right-margin="0.0%" top-margin="14.0%" type="label" vertical-alignment="center" width="8%">
		<ComponentValues lightColor="3"/>
	</Component>
	<Component bottom-margin="5.0%" height="4%" horizontal-alignment="center" left-margin="-8.0%" right-margin="0.0%" top-margin="22.0%" type="label" vertical-alignment="center" width="24.6%">
		<ComponentValues lightColor="1"/>
	</Component>
	<Component bottom-margin="5.0%" height="3%" horizontal-alignment="center" left-margin="-24.0%" right-margin="0.0%" top-margin="31.0%" type="label" vertical-alignment="center" width="18.%">
		<ComponentValues lightColor="3"/>
	</Component>
	<Component bottom-margin="5.0%" height="48%" horizontal-alignment="center" left-margin="-18.60%" right-margin="0.0%" top-margin="38.0%" type="label" vertical-alignment="center" width="42.6%">
		<ComponentValues Line="10" darkColor="1" lightColor="3"/>
	</Component>
	<Component bottom-margin="5.0%" height="48%" horizontal-alignment="center" left-margin="5.60%" right-margin="0.0%" top-margin="38.0%" type="label" vertical-alignment="center" width="42.6%">
		<ComponentValues Line="10" lightColor="3"/>
	</Component>
</FlowLayout>