<?xml version="1.0" encoding="UTF-8"?>
<FlowLayout bottom-margin="0.0" even="false" height="100.0%" horizontal="false" horizontal-alignment="left" left-margin="0.0" right-margin="0.0" top-margin="0.0" vertical-alignment="top" width="100.0%">
	<Component bottom-margin="0.0" height="4%" horizontal-alignment="left" left-margin="24%" right-margin="0.0" top-margin="4%" type="label" vertical-alignment="top" width="53%">
		<ComponentValues darkColor="4" lightColor="1"/>
	</Component>
	<Component bottom-margin="0.0" height="18%" horizontal-alignment="left" left-margin="9%" right-margin="0.0" top-margin="5%" type="image" vertical-alignment="top" width="35.3%"/>
	<Component bottom-margin="0.0" height="3%" horizontal-alignment="left" left-margin="18%" right-margin="0.0" top-margin="3%" type="label" vertical-alignment="top" width="13%">
		<ComponentValues darkColor="1" lightColor="3"/>
	</Component>
	<Component bottom-margin="0.0" height="4%" horizontal-alignment="left" left-margin="7%" right-margin="0.0" top-margin="1%" type="label" vertical-alignment="top" width="37%">
		<ComponentValues darkColor="4" lightColor="1"/>
	</Component>
	<Component bottom-margin="0.0" height="6%" horizontal-alignment="left" left-margin="10%" right-margin="0.0" top-margin=".5%" type="label" vertical-alignment="top" width="30%">
		<ComponentValues Line="2" darkColor="1" lightColor="3"/>
	</Component>
	<Component bottom-margin="0.0" height="18%" horizontal-alignment="left" left-margin="9%" right-margin="0.0" top-margin="2%" type="image" vertical-alignment="top" width="35.3%"/>
	<Component bottom-margin="0.0" height="3%" horizontal-alignment="left" left-margin="18%" right-margin="0.0" top-margin="3%" type="label" vertical-alignment="top" width="13%">
		<ComponentValues darkColor="1" lightColor="3"/>
	</Component>
	<Component bottom-margin="0.0" height="4%" horizontal-alignment="left" left-margin="7%" right-margin="0.0" top-margin="1%" type="label" vertical-alignment="top" width="37%">
		<ComponentValues darkColor="4" lightColor="1"/>
	</Component>
	<Component bottom-margin="0.0" height="6%" horizontal-alignment="left" left-margin="10%" right-margin="0.0" top-margin=".5%" type="label" vertical-alignment="top" width="30%">
		<ComponentValues Line="2" darkColor="1" lightColor="3"/>
	</Component>
	<Component bottom-margin="0.0" height="18%" horizontal-alignment="left" left-margin="57%" right-margin="0.0" top-margin="-73.1%" type="image" vertical-alignment="top" width="35.3%"/>
	<Component bottom-margin="0.0" height="3%" horizontal-alignment="left" left-margin="69%" right-margin="0.0" top-margin="3%" type="label" vertical-alignment="top" width="13%">
		<ComponentValues darkColor="1" lightColor="3"/>
	</Component>
	<Component bottom-margin="0.0" height="4%" horizontal-alignment="left" left-margin="57%" right-margin="0.0" top-margin="1%" type="label" vertical-alignment="top" width="37%">
		<ComponentValues darkColor="4" lightColor="1"/>
	</Component>
	<Component bottom-margin="0.0" height="6%" horizontal-alignment="left" left-margin="60%" right-margin="0.0" top-margin=".5%" type="label" vertical-alignment="top" width="30%">
		<ComponentValues Line="2" darkColor="1" lightColor="3"/>
	</Component>
	<Component bottom-margin="0.0" height="18%" horizontal-alignment="left" left-margin="57%" right-margin="0.0" top-margin="2%" type="image" vertical-alignment="top" width="35.3%"/>
	<Component bottom-margin="0.0" height="3%" horizontal-alignment="left" left-margin="69%" right-margin="0.0" top-margin="3%" type="label" vertical-alignment="top" width="13%">
		<ComponentValues darkColor="1" lightColor="3"/>
	</Component>
	<Component bottom-margin="0.0" height="4%" horizontal-alignment="left" left-margin="57%" right-margin="0.0" top-margin="1%" type="label" vertical-alignment="top" width="37%">
		<ComponentValues darkColor="4" lightColor="1"/>
	</Component>
	<Component bottom-margin="0.0" height="6%" horizontal-alignment="left" left-margin="60%" right-margin="0.0" top-margin=".5%" type="label" vertical-alignment="top" width="30%">
		<ComponentValues Line="2" darkColor="1" lightColor="3"/>
	</Component>
	<Component bottom-margin="0.0" height="4%" horizontal-alignment="left" left-margin="24%" right-margin="0.0" top-margin="6%" type="image" vertical-alignment="top" width="53%">
		<ComponentValues darkColor="1" lightColor="3"/>
	</Component>
</FlowLayout>