<?xml version="1.0" encoding="UTF-8"?>
<FlowLayout bottom-margin="0.0" even="false" height="100.0%" horizontal="true" horizontal-alignment="left" left-margin="0.0" right-margin="0.0" top-margin="0.0" vertical-alignment="top" width="100.0%">
	<Component bottom-margin="0.0" height="20%" horizontal-alignment="left" left-margin="43.5%" right-margin="0.0" top-margin="17%" type="image" vertical-alignment="top" width="13.%">
		<ComponentValues darkColor="2" lightColor="4"/>
	</Component>
	<Component bottom-margin="0.0" height="4%" horizontal-alignment="left" left-margin="-22%" right-margin="0.0" top-margin="50.0%" type="label" vertical-alignment="top" width="32.4%">
		<ComponentValues darkColor="4" lightColor="1"/>
	</Component>
	<Component bottom-margin="0.0" height="8%" horizontal-alignment="left" left-margin="-28%" right-margin="0.0" top-margin="58.9%" type="label" vertical-alignment="top" width="24.%">
		<ComponentValues Line="2" darkColor="1" lightColor="3"/>
	</Component>
	<Component bottom-margin="0.0" height="13%" horizontal-alignment="left" left-margin="-23.5%" right-margin="0.0" top-margin="83.5%" type="button" vertical-alignment="top" width="21.4%">
		<ComponentValues darkColor="0" lightColor="0"/>
	</Component>
</FlowLayout>