<?xml version="1.0" encoding="UTF-8"?>
<FlowLayout bottom-margin="0.0" even="false" height="100.0%" horizontal="false" horizontal-alignment="left" left-margin="0.0" right-margin="0.0" top-margin="0.0" vertical-alignment="top" width="100.0%">
	<Component bottom-margin="0.0" height="16%" horizontal-alignment="left" left-margin="34%" right-margin="0.0" top-margin="42%" type="image" vertical-alignment="top" width="33%">
		<ComponentValues darkColor="1" lightColor="3"/>
	</Component>
	<Component bottom-margin="0.0" height="3%" horizontal-alignment="left" left-margin="7%" right-margin="0.0" top-margin="20.5%" type="label" vertical-alignment="top" width="50%">
		<ComponentValues darkColor="4" lightColor="1"/>
	</Component>
	<Component bottom-margin="0.0" height="6%" horizontal-alignment="left" left-margin="8%" right-margin="0.0" top-margin="2%" type="label" vertical-alignment="top" width="37%">
		<ComponentValues Line="1" darkColor="1" lightColor="3"/>
	</Component>
	<Component bottom-margin="0.0" height="5%" horizontal-alignment="left" left-margin="26%" right-margin="0.0" top-margin="3%" type="image" vertical-alignment="top" width="52%">
		<ComponentValues darkColor="1" lightColor="3"/>
	</Component>
</FlowLayout>
