<?xml version="1.0" encoding="UTF-8"?>
<FlowLayout bottom-margin="0.0" even="false" height="100.0%" horizontal="false" horizontal-alignment="left" left-margin="0.0" right-margin="0.0" top-margin="0.0" vertical-alignment="top" width="100.0%">
	<FlowLayout bottom-margin="0.0" even="false" height="60.0%" horizontal="false" horizontal-alignment="left" left-margin="0.0" right-margin="0.0" top-margin="0.0" vertical-alignment="top" width="100.0%">
		<Component bottom-margin="0.0" height="100%" horizontal-alignment="left" left-margin="%" right-margin="0.0" top-margin="%" type="image" vertical-alignment="top" width="100%"/>
	</FlowLayout>
	<FlowLayout bottom-margin="0.0" even="false" height="40.0%" horizontal="true" horizontal-alignment="left" left-margin="0.0" right-margin="0.0" top-margin="0.0" vertical-alignment="top" width="100.0%">
		<Component bottom-margin="0.0" height="10%" horizontal-alignment="left" left-margin="25%" right-margin="0.0" top-margin="11.4%" type="label" vertical-alignment="top" width="51%">
			<ComponentValues darkColor="4" lightColor="1"/>
		</Component>
		<Component bottom-margin="0.0" height="14%" horizontal-alignment="left" left-margin="-45%" right-margin="0.0" top-margin="23%" type="label" vertical-alignment="top" width="40.3%">
			<ComponentValues Line="2" darkColor="1" lightColor="3"/>
		</Component>
		<Component bottom-margin="0.0" height="23%" horizontal-alignment="left" left-margin="-60%" right-margin="0.0" top-margin="45%" type="button" vertical-alignment="top" width="77.3%">
			<ComponentValues darkColor="0" lightColor="0"/>
		</Component>
		<Component bottom-margin="0.0" height="16.4%" horizontal-alignment="left" left-margin="-83%" right-margin="0.0" top-margin="74%" type="label" vertical-alignment="top" width="25%">
			<ComponentValues Line="2" darkColor="1" lightColor="3"/>
		</Component>
		<Component bottom-margin="0.0" height="16.4%" horizontal-alignment="left" left-margin="6.5%" right-margin="0.0" top-margin="74%" type="label" vertical-alignment="top" width="25%">
			<ComponentValues Line="2" darkColor="1" lightColor="3"/>
		</Component>
		<Component bottom-margin="0.0" height="16.4%" horizontal-alignment="left" left-margin="6.5%" right-margin="0.0" top-margin="74%" type="label" vertical-alignment="top" width="25%">
			<ComponentValues Line="2" darkColor="1" lightColor="3"/>
		</Component>
	</FlowLayout>
</FlowLayout>