<?xml version="1.0" encoding="UTF-8"?>
<FlowLayout bottom-margin="0.0" even="false" height="100.0%" horizontal="true" horizontal-alignment="left" left-margin="0.0" right-margin="0.0" top-margin="0.0" vertical-alignment="top" width="100.0%">
	<Component bottom-margin="0.0" height="9.0%" horizontal-alignment="left" left-margin="3.%" right-margin="0.0" top-margin="5%" type="image" vertical-alignment="top" width="94.5%">
		<ComponentValues darkColor="1" lightColor="3"/>
	</Component>
	<Component bottom-margin="0.0" height="36%" horizontal-alignment="left" left-margin="-95.2%" right-margin="0.0" top-margin="19.0%" type="image" vertical-alignment="top" width="95.4%">
		<ComponentValues darkColor="1" lightColor="3"/>
	</Component>
	<Component bottom-margin="0.0" height="3%" horizontal-alignment="left" left-margin="-94.9%" right-margin="0.0" top-margin="59.0%" type="label" vertical-alignment="top" width="8%">
		<ComponentValues lightColor="3"/>
	</Component>
	<Component bottom-margin="0.0" height="4%" horizontal-alignment="left" left-margin="-8%" right-margin="0.0" top-margin="67.0%" type="label" vertical-alignment="top" width="24%">
		<ComponentValues darkColor="4" lightColor="1"/>
	</Component>
	<Component bottom-margin="0.0" height="3%" horizontal-alignment="left" left-margin="-24%" right-margin="0.0" top-margin="75.6%" type="label" vertical-alignment="top" width="19%">
		<ComponentValues lightColor="3"/>
	</Component>
	<Component bottom-margin="0.0" height="12%" horizontal-alignment="left" left-margin="-19%" right-margin="0.0" top-margin="83.6%" type="label" vertical-alignment="top" width="95%">
		<ComponentValues Line="3" darkColor="1" lightColor="3"/>
	</Component>
</FlowLayout>