<?xml version="1.0" encoding="UTF-8"?>
<FlowLayout bottom-margin="0.0" even="false" height="100.0%" horizontal="false" horizontal-alignment="left" left-margin="0.0" right-margin="0.0" top-margin="0.0" vertical-alignment="top" width="100.0%">
	<FlowLayout bottom-margin="0.0" even="false" height="10.0%" horizontal="false" horizontal-alignment="left" left-margin="0.0" right-margin="0.0" top-margin="0.0" vertical-alignment="top" width="100.0%">
		<Component bottom-margin="0.0" height="100%" horizontal-alignment="left" left-margin="0%" right-margin="0.0" top-margin="0%" type="image" vertical-alignment="top" width="100%">
			<ComponentValues darkColor="1" lightColor="3"/>
		</Component>
	</FlowLayout>
	<FlowLayout bottom-margin="0.0" even="false" height="2.0%" horizontal="false" horizontal-alignment="left" left-margin="0.0" right-margin="0.0" top-margin="0.0" vertical-alignment="top" width="100.0%">
		<Component bottom-margin="0.0" height="100%" horizontal-alignment="left" left-margin="0%" right-margin="0.0" top-margin="6%" type="image" vertical-alignment="top" width="100%">
			<ComponentValues darkColor="3" lightColor="5"/>
		</Component>
	</FlowLayout>
	<FlowLayout bottom-margin="0.0" even="false" height="67.0%" horizontal="true" horizontal-alignment="left" left-margin="0.0" right-margin="0.0" top-margin="0.0" vertical-alignment="top" width="100.0%">
		<Component bottom-margin="0.0" height="93%" horizontal-alignment="left" left-margin="2.4%" right-margin="0.0" top-margin="4%" type="image" vertical-alignment="top" width="31%">
			<ComponentValues darkColor="1" lightColor="3"/>
		</Component>
		<Component bottom-margin="0.0" height="93%" horizontal-alignment="left" left-margin="1.5%" right-margin="0.0" top-margin="4%" type="image" vertical-alignment="top" width="31%">
			<ComponentValues darkColor="1" lightColor="3"/>
		</Component>
		<Component bottom-margin="0.0" height="93%" horizontal-alignment="left" left-margin="1.2%" right-margin="0.0" top-margin="4%" type="image" vertical-alignment="top" width="31%">
			<ComponentValues darkColor="1" lightColor="3"/>
		</Component>
	</FlowLayout>
	<FlowLayout bottom-margin="0.0" even="false" height="21.0%" horizontal="true" horizontal-alignment="left" left-margin="0.0" right-margin="0.0" top-margin="0.0" vertical-alignment="top" width="100.0%">
		<Component bottom-margin="0.0" height="18%" horizontal-alignment="left" left-margin="5.7%" right-margin="0.0" top-margin="6.4%" type="label" vertical-alignment="top" width="24.6%">
			<ComponentValues darkColor="4" lightColor="1"/>
		</Component>
		<Component bottom-margin="0.0" height="31%" horizontal-alignment="left" left-margin="-22%" right-margin="0.0" top-margin="36%" type="label" vertical-alignment="top" width="19%">
			<ComponentValues Line="2" darkColor="1" lightColor="3"/>
		</Component>
		<Component bottom-margin="0.0" height="18%" horizontal-alignment="left" left-margin="10.7%" right-margin="0.0" top-margin="6.4%" type="label" vertical-alignment="top" width="24.6%">
			<ComponentValues darkColor="4" lightColor="1"/>
		</Component>
		<Component bottom-margin="0.0" height="31%" horizontal-alignment="left" left-margin="-22%" right-margin="0.0" top-margin="36%" type="label" vertical-alignment="top" width="19%">
			<ComponentValues Line="2" darkColor="1" lightColor="3"/>
		</Component>
		<Component bottom-margin="0.0" height="18%" horizontal-alignment="left" left-margin="10.9%" right-margin="0.0" top-margin="6.4%" type="label" vertical-alignment="top" width="24.6%">
			<ComponentValues darkColor="4" lightColor="1"/>
		</Component>
		<Component bottom-margin="0.0" height="31%" horizontal-alignment="left" left-margin="-22%" right-margin="0.0" top-margin="36%" type="label" vertical-alignment="top" width="19%">
			<ComponentValues Line="2" darkColor="1" lightColor="3"/>
		</Component>
	</FlowLayout>
</FlowLayout>