<?xml version="1.0" encoding="UTF-8"?>
<FlowLayout bottom-margin="0.0" even="false" height="100.0%" horizontal="true" horizontal-alignment="left" left-margin="0.0" right-margin="0.0%" top-margin="0.0" vertical-alignment="top" width="100.0%">
	<Component bottom-margin="5.0%" height="38.0%" horizontal-alignment="center" left-margin="3.0%" right-margin="2.0%" top-margin="10.0%" type="image" vertical-alignment="left" width="40.5%">
		<ComponentValues darkColor="1" lightColor="3"/>
	</Component>
	<Component bottom-margin="0.0%" height="3.0%" horizontal-alignment="center" left-margin="1.0%" right-margin="0.0%" top-margin="16.0%" type="label" vertical-alignment="top" width="7%">
		<ComponentValues lightColor="3"/>
	</Component>
	<Component bottom-margin="0.0%" height="4.0%" horizontal-alignment="center" left-margin="-7.0%" right-margin="0.0%" top-margin="24.0%" type="label" vertical-alignment="top" width="24%">
		<ComponentValues lightColor="1"/>
	</Component>
	<Component bottom-margin="0.0%" height="8.0%" horizontal-alignment="center" left-margin="-24.0%" right-margin="0.0%" top-margin="33.0%" type="label" vertical-alignment="top" width="51%">
		<ComponentValues Line="2" lightColor="3"/>
	</Component>
	<Component bottom-margin="5.0%" height="38.0%" horizontal-alignment="center" left-margin="-94.5%" right-margin="0.0%" top-margin="53.0%" type="image" vertical-alignment="left" width="40.5%">
		<ComponentValues darkColor="1" lightColor="3"/>
	</Component>
	<Component bottom-margin="0.0%" height="3.0%" horizontal-alignment="center" left-margin="3.0%" right-margin="0.0%" top-margin="59.3%" type="label" vertical-alignment="top" width="7%">
		<ComponentValues lightColor="3"/>
	</Component>
	<Component bottom-margin="0.0%" height="4.0%" horizontal-alignment="center" left-margin="-7.0%" right-margin="0.0%" top-margin="67.4%" type="label" vertical-alignment="top" width="24%">
		<ComponentValues lightColor="1"/>
	</Component>
	<Component bottom-margin="0.0%" height="8.0%" horizontal-alignment="center" left-margin="-24.0%" right-margin="0.0%" top-margin="76.0%" type="label" vertical-alignment="top" width="51%">
		<ComponentValues Line="2" lightColor="3"/>
	</Component>
</FlowLayout>