<?xml version="1.0" encoding="UTF-8"?>
<FlowLayout bottom-margin="0.0" even="false" height="100.0%" horizontal="false" horizontal-alignment="left" left-margin="0.0" right-margin="0.0" top-margin="0.0" vertical-alignment="top" width="100.0%">
	<Component bottom-margin="0.0" height="25%" horizontal-alignment="left" left-margin="7%" right-margin="0.0" top-margin="4%" type="image" vertical-alignment="top" width="40%"/>
	<Component bottom-margin="0.0" height="6%" horizontal-alignment="left" left-margin="7%" right-margin="0.0" top-margin="3%" type="label" vertical-alignment="top" width="41%">
		<ComponentValues Line="2" darkColor="1" lightColor="3"/>
	</Component>
	<Component bottom-margin="0.0" height="25%" horizontal-alignment="left" left-margin="7%" right-margin="0.0" top-margin="3%" type="image" vertical-alignment="top" width="40%"/>
	<Component bottom-margin="0.0" height="6%" horizontal-alignment="left" left-margin="7%" right-margin="0.0" top-margin="3%" type="label" vertical-alignment="top" width="41%">
		<ComponentValues Line="2" darkColor="1" lightColor="3"/>
	</Component>
	<Component bottom-margin="0.0" height="22%" horizontal-alignment="left" left-margin="7%" right-margin="0.0" top-margin="3%" type="image" vertical-alignment="top" width="40%"/>--
	<Component bottom-margin="0.0" height="25%" horizontal-alignment="left" left-margin="53%" right-margin="0.0" top-margin="-96%" type="image" vertical-alignment="top" width="40%"/>
	<Component bottom-margin="0.0" height="6%" horizontal-alignment="left" left-margin="53%" right-margin="0.0" top-margin="3%" type="label" vertical-alignment="top" width="41%">
		<ComponentValues Line="2" darkColor="1" lightColor="3"/>
	</Component>
	<Component bottom-margin="0.0" height="25%" horizontal-alignment="left" left-margin="53%" right-margin="0.0" top-margin="3%" type="image" vertical-alignment="top" width="40%"/>
	<Component bottom-margin="0.0" height="6%" horizontal-alignment="left" left-margin="53%" right-margin="0.0" top-margin="3%" type="label" vertical-alignment="top" width="41%">
		<ComponentValues Line="2" darkColor="1" lightColor="3"/>
	</Component>
	<Component bottom-margin="0.0" height="22%" horizontal-alignment="left" left-margin="53%" right-margin="0.0" top-margin="3%" type="image" vertical-alignment="top" width="40%"/>
</FlowLayout>