<?xml version="1.0" encoding="UTF-8"?>
<FlowLayout bottom-margin="0.0" even="false" height="100.0%" horizontal="false" horizontal-alignment="left" left-margin="0.0" right-margin="0.0" top-margin="0.0" vertical-alignment="top" width="100.0%">
	<FlowLayout bottom-margin="0.0" even="false" height="73.0%" horizontal="false" horizontal-alignment="left" left-margin="0.0" right-margin="0.0" top-margin="0.0" vertical-alignment="top" width="100.0%">
		<Component bottom-margin="0.0" height="25%" horizontal-alignment="left" left-margin="35%" right-margin="0.0" top-margin="32%" type="image" vertical-alignment="top" width="30%"/>
		<Component bottom-margin="0.0" height="5%" horizontal-alignment="left" left-margin="25%" right-margin="0.0" top-margin="4%" type="label" vertical-alignment="top" width="51%">
			<ComponentValues darkColor="4" lightColor="1"/>
		</Component>
		<Component bottom-margin="0.0" height="9%" horizontal-alignment="left" left-margin="30%" right-margin="0.0" top-margin="1%" type="label" vertical-alignment="top" width="40.3%">
			<ComponentValues Line="2" darkColor="1" lightColor="3"/>
		</Component>
	</FlowLayout>
	<FlowLayout bottom-margin="0.0" even="false" height="27.0%" horizontal="true" horizontal-alignment="left" left-margin="0.0" right-margin="0.0" top-margin="0.0" vertical-alignment="top" width="100.0%">
		<Component bottom-margin="0.0" height="35%" horizontal-alignment="left" left-margin="13%" right-margin="0.0" top-margin="18%" type="button" vertical-alignment="top" width="74.3%">
			<ComponentValues darkColor="0" lightColor="0"/>
		</Component>
		<Component bottom-margin="0.0" height="16.4%" horizontal-alignment="left" left-margin="-80%" right-margin="0.0" top-margin="67%" type="image" vertical-alignment="top" width="25%">
			<ComponentValues Line="2" darkColor="1" lightColor="3"/>
		</Component>
		<Component bottom-margin="0.0" height="16.4%" horizontal-alignment="left" left-margin="6.5%" right-margin="0.0" top-margin="67%" type="image" vertical-alignment="top" width="25%">
			<ComponentValues Line="2" darkColor="1" lightColor="3"/>
		</Component>
		<Component bottom-margin="0.0" height="16.4%" horizontal-alignment="left" left-margin="6.5%" right-margin="0.0" top-margin="67%" type="image" vertical-alignment="top" width="25%">
			<ComponentValues Line="2" darkColor="1" lightColor="3"/>
		</Component>
	</FlowLayout>
</FlowLayout>