<?xml version="1.0" encoding="UTF-8"?>
<FlowLayout bottom-margin="0.0" even="false" height="100.0%" horizontal="false" horizontal-alignment="left" left-margin="0.0" right-margin="0.0" top-margin="0.0" vertical-alignment="top" width="100.0%">
	<FlowLayout bottom-margin="0.0" even="false" height="50.0%" horizontal="false" horizontal-alignment="left" left-margin="0.0" right-margin="0.0" top-margin="0.0" vertical-alignment="top" width="100.0%">
		<Component bottom-margin="0.0" height="55%" horizontal-alignment="left" left-margin="%" right-margin="0.0" top-margin="6%" type="image" vertical-alignment="top" width="100%"/>
		<Component bottom-margin="0.0" height="7%" horizontal-alignment="left" left-margin="7%" right-margin="0.0" top-margin="12.5%" type="label" vertical-alignment="top" width="50.3%">
			<ComponentValues darkColor="4" lightColor="1"/>
		</Component>
		<Component bottom-margin="0.0" height="12%" horizontal-alignment="left" left-margin="7%" right-margin="0.0" top-margin="2%" type="label" vertical-alignment="top" width="40%">
			<ComponentValues Line="2" darkColor="1" lightColor="3"/>
		</Component>
	</FlowLayout>
	<FlowLayout bottom-margin="0.0" even="false" height="50.0%" horizontal="true" horizontal-alignment="left" left-margin="0.0" right-margin="0.0" top-margin="0.0" vertical-alignment="top" width="100.0%">
		<Component bottom-margin="0.0" height="55%" horizontal-alignment="left" left-margin="%" right-margin="0.0" top-margin="6%" type="image" vertical-alignment="top" width="100%"/>
		<Component bottom-margin="0.0" height="7%" horizontal-alignment="left" left-margin="-93%" right-margin="0.0" top-margin="73%" type="label" vertical-alignment="top" width="50.3%">
			<ComponentValues darkColor="4" lightColor="1"/>
		</Component>
		<Component bottom-margin="0.0" height="12%" horizontal-alignment="left" left-margin="-50%" right-margin="0.0" top-margin="82%" type="label" vertical-alignment="top" width="40%">
			<ComponentValues Line="2" darkColor="1" lightColor="3"/>
		</Component>
	</FlowLayout>
</FlowLayout>