<?xml version="1.0" encoding="UTF-8"?>
<FlowLayout bottom-margin="0.0" even="false" height="100.0%" horizontal="true" horizontal-alignment="left" left-margin="0.0" right-margin="0.0" top-margin="0.0" vertical-alignment="top" width="100.0%">
	<Component bottom-margin="0.0" height="13%" horizontal-alignment="left" left-margin="2%" right-margin="0.0" top-margin="3.6%" type="image" vertical-alignment="top" width="96.7%">
		<ComponentValues darkColor="1" lightColor="3"/>
	</Component>
	<Component bottom-margin="0.0" height="42%" horizontal-alignment="left" left-margin="-69.5%" right-margin="0.0" top-margin="29%" type="image" vertical-alignment="top" width="42.3%">
		<ComponentValues darkColor="1" lightColor="3"/>
	</Component>
	<Component bottom-margin="0.0" height="14%" horizontal-alignment="left" left-margin="-32%" right-margin="0.0" top-margin="83%" type="button" vertical-alignment="top" width="21.3%">
		<ComponentValues darkColor="0" lightColor="0"/>
	</Component>
</FlowLayout>