<?xml version="1.0" encoding="UTF-8"?>
<FlowLayout bottom-margin="0.0" even="false" height="100.0%" horizontal="false" horizontal-alignment="left" left-margin="0.0" right-margin="0.0" top-margin="0.0" vertical-alignment="top" width="100.0%">
	<Component bottom-margin="0.0" height="72%" horizontal-alignment="left" left-margin="46%" right-margin="0.0" top-margin="14.6%" type="image" vertical-alignment="top" width="52.2%">
		<ComponentValues darkColor="1" lightColor="3"/>
	</Component>
	<Component bottom-margin="0.0" height="4.0%" horizontal-alignment="left" left-margin="5.9%" right-margin="0.0" top-margin="-54.4%" type="label" vertical-alignment="top" width="32%">
		<ComponentValues lightColor="1"/>
	</Component>
	<Component bottom-margin="0.0" height="7.0%" horizontal-alignment="left" left-margin="5.9%" right-margin="0.0" top-margin="5.%" type="label" vertical-alignment="top" width="24%">
		<ComponentValues Line="2" lightColor="3"/>
	</Component>
	<Component bottom-margin="0.0" height="12.0%" horizontal-alignment="left" left-margin="4.5%" right-margin="0.0" top-margin="9.4%" type="button" vertical-alignment="top" width="21%">
		<ComponentValues lightColor="0"/>
	</Component>
	<Component bottom-margin="0.0" height="6.0%" horizontal-alignment="left" left-margin="63.9%" right-margin="0.0" top-margin="19.9%" type="image" vertical-alignment="top" width="16%">
		<ComponentValues lightColor="3"/>
	</Component>
</FlowLayout>