<?xml version="1.0" encoding="UTF-8"?>
<FlowLayout bottom-margin="0.0" even="false" height="100.0%" horizontal="false" horizontal-alignment="left" left-margin="0.0" right-margin="0.0" top-margin="0.0" vertical-alignment="top" width="100.0%">
	<Component bottom-margin="0.0" height="100%" horizontal-alignment="left" left-margin="0%" right-margin="0.0" top-margin="%" type="image" vertical-alignment="top" width="36%"/>
	<Component bottom-margin="0.0" height="3%" horizontal-alignment="left" left-margin="43%" right-margin="0.0" top-margin="-95%" type="label" vertical-alignment="top" width="50.3%">
		<ComponentValues darkColor="4" lightColor="1"/>
	</Component>
	<Component bottom-margin="0.0" height="6%" horizontal-alignment="left" left-margin="48.5%" right-margin="0.0" top-margin="1%" type="label" vertical-alignment="top" width="39.3%">
		<ComponentValues Line="2" darkColor="1" lightColor="3"/>
	</Component>
	<Component bottom-margin="0.0" height="3%" horizontal-alignment="left" left-margin="55.5%" right-margin="0.0" top-margin="18%" type="label" vertical-alignment="top" width="26%">
		<ComponentValues darkColor="1" lightColor="3"/>
	</Component>
	<Component bottom-margin="0.0" height="3%" horizontal-alignment="left" left-margin="55.5%" right-margin="0.0" top-margin="3%" type="label" vertical-alignment="top" width="26%">
		<ComponentValues darkColor="1" lightColor="3"/>
	</Component>
	<Component bottom-margin="0.0" height="3%" horizontal-alignment="left" left-margin="55.5%" right-margin="0.0" top-margin="3%" type="label" vertical-alignment="top" width="26%">
		<ComponentValues darkColor="1" lightColor="3"/>
	</Component>
	<Component bottom-margin="0.0" height="3%" horizontal-alignment="left" left-margin="55.5%" right-margin="0.0" top-margin="3%" type="label" vertical-alignment="top" width="26%">
		<ComponentValues darkColor="1" lightColor="3"/>
	</Component>
	<Component bottom-margin="0.0" height="3%" horizontal-alignment="left" left-margin="55.5%" right-margin="0.0" top-margin="3%" type="label" vertical-alignment="top" width="26%">
		<ComponentValues darkColor="1" lightColor="3"/>
	</Component>
	<Component bottom-margin="0.0" height="17%" horizontal-alignment="left" left-margin="53.5%" right-margin="0.0" top-margin="19%" type="image" vertical-alignment="top" width="30%"/>
</FlowLayout>