<?xml version="1.0" encoding="UTF-8"?>
<FlowLayout bottom-margin="0.0" even="false" height="100.0%" horizontal="true" horizontal-alignment="left" left-margin="0.0" right-margin="0.0" top-margin="0.0" vertical-alignment="top" width="100.0%">
	<Component bottom-margin="0.0" height="90%" horizontal-alignment="left" left-margin="2.9%" right-margin="0.0" top-margin="5.0%" type="image" vertical-alignment="top" width="22.4%">
		<ComponentValues darkColor="3" lightColor="5"/>
	</Component>
	<Component bottom-margin="0.0" height="17%" horizontal-alignment="left" left-margin="-15%" right-margin="0.0" top-margin="12%" type="image" vertical-alignment="top" width="9.%">
		<ComponentValues darkColor="1" imageType="circle" lightColor="3"/>
	</Component>
	<Component bottom-margin="0.0" height="3%" horizontal-alignment="left" left-margin="-7.9%" right-margin="0.0" top-margin="36.0%" type="label" vertical-alignment="top" width="7.%">
		<ComponentValues darkColor="1" lightColor="3"/>
	</Component>
	<Component bottom-margin="0.0" height="3%" horizontal-alignment="left" left-margin="-7%" right-margin="0.0" top-margin="46.8%" type="label" vertical-alignment="top" width="7.%">
		<ComponentValues darkColor="1" lightColor="3"/>
	</Component>
	<Component bottom-margin="0.0" height="3%" horizontal-alignment="left" left-margin="-7%" right-margin="0.0" top-margin="56.8%" type="label" vertical-alignment="top" width="7.%">
		<ComponentValues darkColor="1" lightColor="3"/>
	</Component>
	<Component bottom-margin="0.0" height="3%" horizontal-alignment="left" left-margin="-7%" right-margin="0.0" top-margin="66.8%" type="label" vertical-alignment="top" width="7.%">
		<ComponentValues darkColor="3" lightColor="3"/>
	</Component>
	<Component bottom-margin="0.0" height="3%" horizontal-alignment="left" left-margin="-7%" right-margin="0.0" top-margin="76.8%" type="label" vertical-alignment="top" width="7.%">
		<ComponentValues darkColor="1" lightColor="3"/>
	</Component>
	<Component bottom-margin="0.0" height="3%" horizontal-alignment="left" left-margin="-7%" right-margin="0.0" top-margin="86.8%" type="label" vertical-alignment="top" width="7.%">
		<ComponentValues darkColor="1" lightColor="3"/>
	</Component>
	<Component bottom-margin="0.0" height="50%" horizontal-alignment="left" left-margin="9.2%" right-margin="0.0" top-margin="5.0%" type="panel" vertical-alignment="top" width="70.4%">
		<ComponentValues darkColor="1" lightColor="3"/>
	</Component>
	<Component bottom-margin="0.0" height="3%" horizontal-alignment="left" left-margin="-67.9%" right-margin="0.0" top-margin="10.0%" type="label" vertical-alignment="top" width="7.%">
		<ComponentValues darkColor="4" lightRGB="-1"/>
	</Component>
	<Component bottom-margin="0.0" height="3%" horizontal-alignment="left" left-margin="-7%" right-margin="0.0" top-margin="17.8%" type="label" vertical-alignment="top" width="24.%">
		<ComponentValues darkRGB="-7960954" lightColor="1"/>
	</Component>
	<Component bottom-margin="0.0" height="3%" horizontal-alignment="left" left-margin="-24%" right-margin="0.0" top-margin="26.8%" type="label" vertical-alignment="top" width="18.%">
		<ComponentValues darkColor="4" lightRGB="-1"/>
	</Component>
	<Component bottom-margin="0.0" height="18%" horizontal-alignment="left" left-margin="-18%" right-margin="0.0" top-margin="33.8%" type="label" vertical-alignment="top" width="65.3%">
		<ComponentValues Line="5" darkColor="4" lightRGB="-1"/>
	</Component>
	<Component bottom-margin="0.0" height="37%" horizontal-alignment="left" left-margin="-68%" right-margin="0.0" top-margin="59.0%" type="image" vertical-alignment="top" width="34.4%">
		<ComponentValues darkColor="1" lightColor="3"/>
	</Component>
	<Component bottom-margin="0.0" height="37%" horizontal-alignment="left" left-margin="2%" right-margin="0.0" top-margin="59.0%" type="image" vertical-alignment="top" width="34.4%">
		<ComponentValues lightColor="3"/>
	</Component>
</FlowLayout>