<?xml version="1.0" encoding="UTF-8"?>
<FlowLayout bottom-margin="0.0" even="false" height="100.0%" horizontal="false" horizontal-alignment="left" left-margin="0.0" right-margin="0.0" top-margin="0.0" vertical-alignment="top" width="100.0%">
	<FlowLayout bottom-margin="0.0" even="false" height="15.0%" horizontal="false" horizontal-alignment="left" left-margin="0.0" right-margin="0.0" top-margin="0.0" vertical-alignment="top" width="100.0%">
		<Component bottom-margin="0.0" height="70%" horizontal-alignment="left" left-margin="43%" right-margin="0.0" top-margin="23%" type="image" vertical-alignment="top" width="15%">
			<ComponentValues darkColor="1" lightColor="3"/>
		</Component>
	</FlowLayout>
	<FlowLayout bottom-margin="0.0" even="false" height="12.0%" horizontal="false" horizontal-alignment="left" left-margin="0.0" right-margin="0.0" top-margin="0.0" vertical-alignment="top" width="100.0%">
		<Component bottom-margin="0.0" height="74%" horizontal-alignment="left" left-margin="12.5%" right-margin="0.0" top-margin="13%" type="text-field" vertical-alignment="top" width="75%">
			<ComponentValues darkRGB="-7960954" lightRGB="-1"/>
		</Component>
	</FlowLayout>
	<FlowLayout bottom-margin="0.0" even="false" height="40.0%" horizontal="false" horizontal-alignment="left" left-margin="0.0" right-margin="0.0" top-margin="0.0" vertical-alignment="top" width="100.0%">
		<Component bottom-margin="0.0" height="45%" horizontal-alignment="left" left-margin="7%" right-margin="0.0" top-margin="5%" type="image" vertical-alignment="top" width="27%">
			<ComponentValues darkColor="1" lightColor="3"/>
		</Component>
		<Component bottom-margin="0.0" height="10%" horizontal-alignment="left" left-margin="39.5%" right-margin="0.0" top-margin="-36%" type="label" vertical-alignment="top" width="51%">
			<ComponentValues darkColor="4" lightColor="1"/>
		</Component>
		<Component bottom-margin="0.0" height="13%" horizontal-alignment="left" left-margin="40%" right-margin="0.0" top-margin="4%" type="label" vertical-alignment="top" width="36%">
			<ComponentValues Line="2" darkColor="1" lightColor="3"/>
		</Component>
		<Component bottom-margin="0.0" height="43%" horizontal-alignment="left" left-margin="7%" right-margin="0.0" top-margin="14%" type="image" vertical-alignment="top" width="27%">
			<ComponentValues darkColor="1" lightColor="3"/>
		</Component>
		<Component bottom-margin="0.0" height="10%" horizontal-alignment="left" left-margin="39.5%" right-margin="0.0" top-margin="-35%" type="label" vertical-alignment="top" width="51%">
			<ComponentValues darkColor="4" lightColor="1"/>
		</Component>
		<Component bottom-margin="0.0" height="13%" horizontal-alignment="left" left-margin="40%" right-margin="0.0" top-margin="4%" type="label" vertical-alignment="top" width="36%">
			<ComponentValues Line="2" darkColor="1" lightColor="3"/>
		</Component>
	</FlowLayout>
	<FlowLayout bottom-margin="0.0" even="false" height="33.0%" horizontal="false" horizontal-alignment="left" left-margin="0.0" right-margin="0.0" top-margin="0.0" vertical-alignment="top" width="100.0%">
		<Component bottom-margin="0.0" height="50%" horizontal-alignment="left" left-margin="7%" right-margin="0.0" top-margin="6%" type="image" vertical-alignment="top" width="27%">
			<ComponentValues darkColor="1" lightColor="3"/>
		</Component>
		<Component bottom-margin="0.0" height="10%" horizontal-alignment="left" left-margin="39.5%" right-margin="0.0" top-margin="-38%" type="label" vertical-alignment="top" width="51%">
			<ComponentValues darkColor="4" lightColor="1"/>
		</Component>
		<Component bottom-margin="0.0" height="13%" horizontal-alignment="left" left-margin="40%" right-margin="0.0" top-margin="4%" type="label" vertical-alignment="top" width="36%">
			<ComponentValues Line="2" darkColor="1" lightColor="3"/>
		</Component>
	</FlowLayout>
</FlowLayout>