<?xml version="1.0" encoding="UTF-8"?>
<FlowLayout bottom-margin="0.0" even="false" height="100.0%" horizontal="false" horizontal-alignment="left" left-margin="0.0" right-margin="0.0" top-margin="0.0" vertical-alignment="top" width="100.0%">
	<Component bottom-margin="0.0" height="3%" horizontal-alignment="left" left-margin="31%" right-margin="0.0" top-margin="10%" type="label" vertical-alignment="top" width="38%">
		<ComponentValues darkColor="4" lightColor="1"/>
	</Component>
	<Component bottom-margin="0.0" height="5%" horizontal-alignment="left" left-margin="35%" right-margin="0.0" top-margin="1.5%" type="label" vertical-alignment="top" width="30.3%">
		<ComponentValues Line="2" darkColor="1" lightColor="3"/>
	</Component>
	<Component bottom-margin="0.0" height="46%" horizontal-alignment="left" left-margin="5%" right-margin="0.0" top-margin="4%" type="image" vertical-alignment="top" width="90%"/>
	<Component bottom-margin="0.0" height="10%" horizontal-alignment="left" left-margin="23%" right-margin="0.0" top-margin="2%" type="image" vertical-alignment="top" width="15%">
		<ComponentValues darkColor="1"/>
	</Component>
	<Component bottom-margin="0.0" height="3%" horizontal-alignment="left" left-margin="40%" right-margin="0.0" top-margin="-9.4%" type="label" vertical-alignment="top" width="14%">
		<ComponentValues darkColor="1" lightColor="3"/>
	</Component>
	<Component bottom-margin="0.0" height="5%" horizontal-alignment="left" left-margin="40%" right-margin="0.0" top-margin="1%" type="label" vertical-alignment="top" width="40.3%">
		<ComponentValues Line="2" darkColor="1" lightColor="3"/>
	</Component>
	<Component bottom-margin="0.0" height="10%" horizontal-alignment="left" left-margin="23%" right-margin="0.0" top-margin="5%" type="image" vertical-alignment="top" width="15%">
		<ComponentValues darkColor="3"/>
	</Component>
	<Component bottom-margin="0.0" height="3%" horizontal-alignment="left" left-margin="40%" right-margin="0.0" top-margin="-9.4%" type="label" vertical-alignment="top" width="14%">
		<ComponentValues darkColor="1" lightColor="3"/>
	</Component>
	<Component bottom-margin="0.0" height="5%" horizontal-alignment="left" left-margin="40%" right-margin="0.0" top-margin="1%" type="label" vertical-alignment="top" width="40.3%">
		<ComponentValues Line="2" darkColor="1" lightColor="3"/>
	</Component>
</FlowLayout>
