<?xml version="1.0" encoding="UTF-8"?>
<FlowLayout bottom-margin="0.0" even="false" height="100.0%" horizontal="true" horizontal-alignment="left" left-margin="0.0" right-margin="0.0" top-margin="0.0" vertical-alignment="top" width="100.0%">
	<Component bottom-margin="0.0" height="4.0%" horizontal-alignment="left" left-margin="34.4%" right-margin="0.0" top-margin="4.4%" type="label" vertical-alignment="top" width="32.5%">
		<ComponentValues darkColor="4" lightColor="1"/>
	</Component>
	<Component bottom-margin="0.0" height="9%" horizontal-alignment="left" left-margin="-28.7%" right-margin="0.0" top-margin="13.0%" type="label" vertical-alignment="top" width="24.%">
		<ComponentValues Line="2" darkColor="1" lightColor="3"/>
	</Component>
	<Component bottom-margin="0.0" height="64%" horizontal-alignment="left" left-margin="-60%" right-margin="0.0" top-margin="25.0%" type="image" vertical-alignment="top" width="96%"/>
	<Component bottom-margin="0.0" height="6.0%" horizontal-alignment="left" left-margin="-57.4%" right-margin="0.0" top-margin="90.4%" type="image" vertical-alignment="top" width="19.5%"/>
</FlowLayout>