<?xml version="1.0" encoding="UTF-8"?>
<FlowLayout bottom-margin="0.0" even="false" height="100.0%" horizontal="true" horizontal-alignment="left" left-margin="0.0" right-margin="0.0" top-margin="0.0" vertical-alignment="top" width="100.0%">
	<FlowLayout bottom-margin="0.0" even="false" height="50.0%" horizontal="false" horizontal-alignment="left" left-margin="0.0" right-margin="0.0" top-margin="0.0" vertical-alignment="top" width="100.0%">
		<FlowLayout bottom-margin="0.0" even="false" height="100.0%" horizontal="true" horizontal-alignment="left" left-margin="0.0" right-margin="0.0" top-margin="0.0" vertical-alignment="top" width="100.0%">
			<FlowLayout bottom-margin="0.0%" even="false" height="100.0%" horizontal="false" horizontal-alignment="left" left-margin="0.0" right-margin="0.0" top-margin="0.0" vertical-alignment="top" width="34.8%">
				<Component bottom-margin="0.0" height="35.0%" horizontal-alignment="center" left-margin="23.4%" right-margin="0.0%" top-margin="18%" type="image" vertical-alignment="top" width="28%">
					<ComponentValues darkColor="1" lightColor="3"/>
				</Component>
				<Component bottom-margin="0.0" height="8.0%" horizontal-alignment="center" left-margin="25%" right-margin="0.0%" top-margin="10%" type="label" vertical-alignment="top" width="69.0%">
					<ComponentValues lightColor="1"/>
				</Component>
				<Component bottom-margin="0.0" height="5.0%" horizontal-alignment="center" left-margin="25%" right-margin="0.0%" top-margin="10%" type="label" vertical-alignment="top" width="53.0%">
					<ComponentValues lightColor="3"/>
				</Component>
				<Component bottom-margin="0.0" height="5.0%" horizontal-alignment="center" left-margin="25%" right-margin="0.0%" top-margin="5%" type="label" vertical-alignment="top" width="53.0%">
					<ComponentValues lightColor="3"/>
				</Component>
			</FlowLayout>
			<FlowLayout bottom-margin="0.0%" even="false" height="100.0%" horizontal="false" horizontal-alignment="left" left-margin="0.0" right-margin="0.0" top-margin="0.0" vertical-alignment="top" width="30%">
				<Component bottom-margin="0.0" height="35.8%" horizontal-alignment="center" left-margin="9%" right-margin="0.0%" top-margin="18%" type="image" vertical-alignment="top" width="33.0%">
					<ComponentValues lightColor="3"/>
				</Component>
				<Component bottom-margin="0.0" height="8.0%" horizontal-alignment="center" left-margin="10%" right-margin="0.0%" top-margin="10%" type="label" vertical-alignment="top" width="82.0%">
					<ComponentValues lightColor="1"/>
				</Component>
				<Component bottom-margin="0.0" height="5.0%" horizontal-alignment="center" left-margin="10%" right-margin="0.0%" top-margin="10%" type="label" vertical-alignment="top" width="61.0%">
					<ComponentValues darkColor="1" lightColor="3"/>
				</Component>
				<Component bottom-margin="0.0" height="5.0%" horizontal-alignment="center" left-margin="10%" right-margin="0.0%" top-margin="5%" type="label" vertical-alignment="top" width="61.0%">
					<ComponentValues lightColor="3"/>
				</Component>
			</FlowLayout>
			<FlowLayout bottom-margin="0.0%" even="false" height="100.0%" horizontal="false" horizontal-alignment="left" left-margin="0.0" right-margin="0.0" top-margin="0.0" vertical-alignment="top" width="35%">
				<Component bottom-margin="0.0" height="35.0%" horizontal-alignment="center" left-margin="6%" right-margin="0.0%" top-margin="18%" type="image" vertical-alignment="top" width="29.0%">
					<ComponentValues lightColor="3"/>
				</Component>
				<Component bottom-margin="0.0" height="8.0%" horizontal-alignment="center" left-margin="8%" right-margin="0.0%" top-margin="10%" type="label" vertical-alignment="top" width="68.0%">
					<ComponentValues lightColor="1"/>
				</Component>
				<Component bottom-margin="0.0" height="5.0%" horizontal-alignment="center" left-margin="8%" right-margin="0.0%" top-margin="10%" type="label" vertical-alignment="top" width="51.0%">
					<ComponentValues lightColor="3"/>
				</Component>
				<Component bottom-margin="0.0" height="5.0%" horizontal-alignment="center" left-margin="8%" right-margin="0.0%" top-margin="5%" type="label" vertical-alignment="top" width="51.0%">
					<ComponentValues lightColor="3"/>
				</Component>
			</FlowLayout>
		</FlowLayout>
		<FlowLayout bottom-margin="0.0" even="false" height="100.0%" horizontal="true" horizontal-alignment="left" left-margin="0.0" right-margin="0.0" top-margin="0.0" vertical-alignment="top" width="100.0%">
			<FlowLayout bottom-margin="0.0%" even="false" height="100.0%" horizontal="false" horizontal-alignment="left" left-margin="0.0" right-margin="0.0" top-margin="0.0" vertical-alignment="top" width="34.8%">
				<Component bottom-margin="0.0" height="35.0%" horizontal-alignment="center" left-margin="23.4%" right-margin="0.0%" top-margin="4.5%" type="image" vertical-alignment="top" width="28.0%">
					<ComponentValues lightColor="3"/>
				</Component>
				<Component bottom-margin="0.0" height="8.0%" horizontal-alignment="center" left-margin="25%" right-margin="0.0%" top-margin="10%" type="label" vertical-alignment="top" width="69.0%">
					<ComponentValues lightColor="1"/>
				</Component>
				<Component bottom-margin="0.0" height="5.0%" horizontal-alignment="center" left-margin="25%" right-margin="0.0%" top-margin="10%" type="label" vertical-alignment="top" width="53.0%">
					<ComponentValues lightColor="3"/>
				</Component>
				<Component bottom-margin="0.0" height="5.0%" horizontal-alignment="center" left-margin="25%" right-margin="0.0%" top-margin="5%" type="label" vertical-alignment="top" width="53.0%">
					<ComponentValues lightColor="3"/>
				</Component>
			</FlowLayout>
			<FlowLayout bottom-margin="0.0%" even="false" height="100.0%" horizontal="false" horizontal-alignment="left" left-margin="0.0" right-margin="0.0" top-margin="0.0" vertical-alignment="top" width="30%">
				<Component bottom-margin="0.0" height="35.0%" horizontal-alignment="center" left-margin="9.2%" right-margin="0.0%" top-margin="4.5%" type="image" vertical-alignment="top" width="33.0%">
					<ComponentValues lightColor="3"/>
				</Component>
				<Component bottom-margin="0.0" height="8.0%" horizontal-alignment="center" left-margin="10%" right-margin="0.0%" top-margin="10%" type="label" vertical-alignment="top" width="82.0%">
					<ComponentValues lightColor="1"/>
				</Component>
				<Component bottom-margin="0.0" height="5.0%" horizontal-alignment="center" left-margin="10%" right-margin="0.0%" top-margin="10%" type="label" vertical-alignment="top" width="61.0%">
					<ComponentValues lightColor="3"/>
				</Component>
				<Component bottom-margin="0.0" height="5.0%" horizontal-alignment="center" left-margin="10%" right-margin="0.0%" top-margin="5%" type="label" vertical-alignment="top" width="61.0%">
					<ComponentValues lightColor="3"/>
				</Component>
			</FlowLayout>
			<FlowLayout bottom-margin="0.0%" even="false" height="100.0%" horizontal="false" horizontal-alignment="left" left-margin="0.0" right-margin="0.0" top-margin="0.0" vertical-alignment="top" width="44.5%">
				<Component bottom-margin="0.0" height="35.0%" horizontal-alignment="center" left-margin="5%" right-margin="0.0%" top-margin="4.5%" type="image" vertical-alignment="top" width="23.0%">
					<ComponentValues lightColor="3"/>
				</Component>
				<Component bottom-margin="0.0" height="8.0%" horizontal-alignment="center" left-margin="7%" right-margin="0.0%" top-margin="10%" type="label" vertical-alignment="top" width="54.0%">
					<ComponentValues lightColor="1"/>
				</Component>
				<Component bottom-margin="0.0" height="5.0%" horizontal-alignment="center" left-margin="7%" right-margin="0.0%" top-margin="10%" type="label" vertical-alignment="top" width="41.0%">
					<ComponentValues lightColor="3"/>
				</Component>
				<Component bottom-margin="0.0" height="5.0%" horizontal-alignment="center" left-margin="7%" right-margin="0.0%" top-margin="5%" type="label" vertical-alignment="top" width="41.0%">
					<ComponentValues lightColor="3"/>
				</Component>
			</FlowLayout>
		</FlowLayout>
	</FlowLayout>
</FlowLayout>