<?xml version="1.0" encoding="UTF-8"?>
<FlowLayout bottom-margin="0.0" even="false" height="100.0%" horizontal="false" horizontal-alignment="left" left-margin="0.0" right-margin="0.0" top-margin="0.0" vertical-alignment="top" width="100.0%">
	<FlowLayout bottom-margin="0.0" even="false" height="63.0%" horizontal="false" horizontal-alignment="left" left-margin="0.0" right-margin="0.0" top-margin="0.0" vertical-alignment="top" width="100.0%">
		<Component bottom-margin="0.0" height="100%" horizontal-alignment="left" left-margin="%" right-margin="0.0" top-margin="%" type="image" vertical-alignment="top" width="100%"/>
	</FlowLayout>
	<FlowLayout bottom-margin="0.0" even="false" height="67.0%" horizontal="true" horizontal-alignment="left" left-margin="0.0" right-margin="0.0" top-margin="0.0" vertical-alignment="top" width="100.0%">
		<Component bottom-margin="0.0" height="15%" horizontal-alignment="left" left-margin="11%" right-margin="0.0" top-margin="5%" type="text-field" vertical-alignment="top" width="77%">
			<ComponentValues darkRGB="-7960954" lightRGB="-1"/>
		</Component>
		<Component bottom-margin="0.0" height="15%" horizontal-alignment="left" left-margin="-77%" right-margin="0.0" top-margin="20%" type="text-field" vertical-alignment="top" width="77%">
			<ComponentValues darkRGB="-7960954" lightRGB="-1"/>
		</Component>
		<Component bottom-margin="0.0" height="14%" horizontal-alignment="left" left-margin="-77%" right-margin="0.0" top-margin="36%" type="button" vertical-alignment="top" width="77%"/>
	</FlowLayout>
</FlowLayout>