<?xml version="1.0" encoding="UTF-8"?>
<FlowLayout bottom-margin="0.0" even="false" height="100.0%" horizontal="true" horizontal-alignment="left" left-margin="0.0" right-margin="0.0" top-margin="0.0" vertical-alignment="top" width="100.0%">
	<Component bottom-margin="0.0" height="4.0%" horizontal-alignment="center" left-margin="34%" right-margin="0.0%" top-margin="10%" type="label" vertical-alignment="top" width="32.6%">
		<ComponentValues darkColor="4" lightColor="1"/>
	</Component>
	<Component bottom-margin="0.0" height="38%" horizontal-alignment="center" left-margin="-61%" right-margin="0.0%" top-margin="24%" type="image" vertical-alignment="top" width="44.0%">
		<ComponentValues darkColor="1" lightColor="3"/>
	</Component>
	<Component bottom-margin="0.0" height="38%" horizontal-alignment="center" left-margin="1.6%" right-margin="0.0%" top-margin="24%" type="image" vertical-alignment="top" width="44.0%">
		<ComponentValues darkColor="1" lightColor="3"/>
	</Component>
	<Component bottom-margin="0.0" height="4%" horizontal-alignment="center" left-margin="-89.6%" right-margin="0.0%" top-margin="66%" type="label" vertical-alignment="top" width="8.0%">
		<ComponentValues lightColor="3"/>
	</Component>
	<Component bottom-margin="0.0" height="4%" horizontal-alignment="center" left-margin="-7.9%" right-margin="0.0%" top-margin="74%" type="label" vertical-alignment="top" width="33.0%">
		<ComponentValues lightColor="1"/>
	</Component>
	<Component bottom-margin="0.0" height="8%" horizontal-alignment="center" left-margin="-32.9%" right-margin="0.0%" top-margin="83%" type="label" vertical-alignment="top" width="24.6%">
		<ComponentValues Line="2" lightColor="3"/>
	</Component>
	<Component bottom-margin="0.0" height="4%" horizontal-alignment="center" left-margin="21.%" right-margin="0.0%" top-margin="66%" type="label" vertical-alignment="top" width="8.0%">
		<ComponentValues lightColor="3"/>
	</Component>
	<Component bottom-margin="0.0" height="4%" horizontal-alignment="center" left-margin="-7.9%" right-margin="0.0%" top-margin="74%" type="label" vertical-alignment="top" width="33.0%">
		<ComponentValues lightColor="1"/>
	</Component>
	<Component bottom-margin="0.0" height="8%" horizontal-alignment="center" left-margin="-32.9%" right-margin="0.0%" top-margin="83%" type="label" vertical-alignment="top" width="24.6%">
		<ComponentValues Line="2" lightColor="3"/>
	</Component>
</FlowLayout>