<?xml version="1.0" encoding="UTF-8"?>
<FlowLayout bottom-margin="0.0" even="false" height="100.0%" horizontal="false" horizontal-alignment="left" left-margin="0.0" right-margin="0.0" top-margin="0.0" vertical-alignment="top" width="100.0%">
	<Component bottom-margin="0.0" height="3%" horizontal-alignment="left" left-margin="25.5%" right-margin="0.0" top-margin="4%" type="label" vertical-alignment="top" width="50%">
		<ComponentValues darkColor="4" lightColor="1"/>
	</Component>
	<Component bottom-margin="0.0" height="6%" horizontal-alignment="left" left-margin="30.5%" right-margin="0.0" top-margin="1%" type="label" vertical-alignment="top" width="39%">
		<ComponentValues Line="2" darkColor="1" lightColor="3"/>
	</Component>
	<Component bottom-margin="0.0" height="66%" horizontal-alignment="left" left-margin="5%" right-margin="0.0" top-margin="4%" type="image" vertical-alignment="top" width="90%"/>
	<Component bottom-margin="0.0" height="10%" horizontal-alignment="left" left-margin="12%" right-margin="0.0" top-margin="2%" type="button" vertical-alignment="top" width="76%">
		<ComponentValues darkColor="0" lightColor="0"/>
	</Component>
</FlowLayout>