<?xml version="1.0" encoding="UTF-8"?>
<FlowLayout bottom-margin="0.0" even="false" height="100.0%" horizontal="false" horizontal-alignment="left" left-margin="0.0" right-margin="0.0" top-margin="0.0" vertical-alignment="top" width="100.0%">
	<Component bottom-margin="0.0" height="33%" horizontal-alignment="left" left-margin="0%" right-margin="0.0" top-margin="4%" type="image" vertical-alignment="top" width="100%">
		<ComponentValues darkColor="4" lightColor="1"/>
	</Component>
	<Component bottom-margin="0.0" height="3.5%" horizontal-alignment="left" left-margin="7%" right-margin="0.0" top-margin="1.4%" type="label" vertical-alignment="top" width="36%">
		<ComponentValues darkColor="4" lightColor="1"/>
	</Component>
	<Component bottom-margin="0.0" height="5%" horizontal-alignment="left" left-margin="11%" right-margin="0.0" top-margin="1.5%" type="label" vertical-alignment="top" width="28.3%">
		<ComponentValues Line="2" darkColor="1" lightColor="3"/>
	</Component>
	<Component bottom-margin="0.0" height="3.5%" horizontal-alignment="left" left-margin="57%" right-margin="0.0" top-margin="-10%" type="label" vertical-alignment="top" width="36%">
		<ComponentValues darkColor="4" lightColor="1"/>
	</Component>
	<Component bottom-margin="0.0" height="5%" horizontal-alignment="left" left-margin="61%" right-margin="0.0" top-margin="1.5%" type="label" vertical-alignment="top" width="28.3%">
		<ComponentValues Line="2" darkColor="1" lightColor="3"/>
	</Component>
	<Component bottom-margin="0.0" height="32%" horizontal-alignment="left" left-margin="0%" right-margin="0.0" top-margin="2.%" type="image" vertical-alignment="top" width="100%">
		<ComponentValues darkColor="4" lightColor="1"/>
	</Component>
	<Component bottom-margin="0.0" height="3.5%" horizontal-alignment="left" left-margin="7%" right-margin="0.0" top-margin="1.4%" type="label" vertical-alignment="top" width="36%">
		<ComponentValues darkColor="4" lightColor="1"/>
	</Component>
	<Component bottom-margin="0.0" height="5%" horizontal-alignment="left" left-margin="11%" right-margin="0.0" top-margin="1.5%" type="label" vertical-alignment="top" width="28.3%">
		<ComponentValues Line="2" darkColor="1" lightColor="3"/>
	</Component>
	<Component bottom-margin="0.0" height="3.5%" horizontal-alignment="left" left-margin="57%" right-margin="0.0" top-margin="-10%" type="label" vertical-alignment="top" width="36%">
		<ComponentValues darkColor="4" lightColor="1"/>
	</Component>
	<Component bottom-margin="0.0" height="5%" horizontal-alignment="left" left-margin="61%" right-margin="0.0" top-margin="1.5%" type="label" vertical-alignment="top" width="28.3%">
		<ComponentValues Line="2" darkColor="1" lightColor="3"/>
	</Component>
</FlowLayout>
