<?xml version="1.0" encoding="UTF-8"?>
<FlowLayout bottom-margin="0.0" even="false" height="100.0%" horizontal="false" horizontal-alignment="left" left-margin="0.0" right-margin="0.0" top-margin="0.0" vertical-alignment="top" width="100.0%">
	<Component bottom-margin="0.0" height="2.0%" horizontal-alignment="left" left-margin="46.9%" right-margin="0.0" top-margin="28.4%" type="label" vertical-alignment="top" width="7%">
		<ComponentValues lightColor="3"/>
	</Component>
	<Component bottom-margin="0.0" height="4.0%" horizontal-alignment="left" left-margin="33.9%" right-margin="0.0" top-margin="5.%" type="label" vertical-alignment="top" width="33%">
		<ComponentValues lightColor="1"/>
	</Component>
	<Component bottom-margin="0.0" height="8.0%" horizontal-alignment="left" left-margin="38.5%" right-margin="0.0" top-margin="5.4%" type="label" vertical-alignment="top" width="24%">
		<ComponentValues Line="2" darkColor="1" lightColor="3"/>
	</Component>
	<Component bottom-margin="0.0" height="10.0%" horizontal-alignment="left" left-margin="41.%" right-margin="0.0" top-margin="9.4%" type="button" vertical-alignment="top" width="19%">
		<ComponentValues lightColor="0"/>
	</Component>
</FlowLayout>