<?xml version="1.0" encoding="UTF-8"?>
<FlowLayout bottom-margin="0.0" even="false" height="100.0%" horizontal="false" horizontal-alignment="left" left-margin="0.0" right-margin="0.0" top-margin="0.0" vertical-alignment="top" width="100.0%">
	<Component bottom-margin="0.0" height="70%" horizontal-alignment="left" left-margin="%" right-margin="0.0" top-margin="%" type="image" vertical-alignment="top" width="100%"/>
	<Component bottom-margin="0.0" height="4%" horizontal-alignment="left" left-margin="25%" right-margin="0.0" top-margin="3%" type="label" vertical-alignment="top" width="50%">
		<ComponentValues darkColor="4" lightColor="1"/>
	</Component>
	<Component bottom-margin="0.0" height="4%" horizontal-alignment="left" left-margin="31%" right-margin="0.0" top-margin="2%" type="label" vertical-alignment="top" width="38.3%">
		<ComponentValues Line="2" darkColor="1" lightColor="3"/>
	</Component>
	<Component bottom-margin="0.0" height="11%" horizontal-alignment="left" left-margin="10%" right-margin="0.0" top-margin="3%" type="button" vertical-alignment="top" width="79.3%">
		<ComponentValues darkColor="0" lightColor="0"/>
	</Component>
</FlowLayout>