<?xml version="1.0" encoding="UTF-8"?>
<FlowLayout bottom-margin="0.0" even="false" height="100.0%" horizontal="false" horizontal-alignment="left" left-margin="0.0" right-margin="0.0" top-margin="0.0" vertical-alignment="top" width="100.0%">
	<Component bottom-margin="0.0" height="68%" horizontal-alignment="left" left-margin="5.5%" right-margin="0.0" top-margin="3%" type="image" vertical-alignment="top" width="89%"/>
	<Component bottom-margin="0.0" height="4%" horizontal-alignment="left" left-margin="25%" right-margin="0.0" top-margin="2%" type="label" vertical-alignment="top" width="50%">
		<ComponentValues darkColor="4" lightColor="1"/>
	</Component>
	<Component bottom-margin="0.0" height="6%" horizontal-alignment="left" left-margin="25%" right-margin="0.0" top-margin="1%" type="label" vertical-alignment="top" width="50%">
		<ComponentValues Line="2" darkColor="1" lightColor="3"/>
	</Component>
	<Component bottom-margin="0.0" height="9%" horizontal-alignment="left" left-margin="11%" right-margin="0.0" top-margin="3%" type="button" vertical-alignment="top" width="77.3%">
		<ComponentValues darkColor="0" lightColor="0"/>
	</Component>
</FlowLayout>