<?xml version="1.0" encoding="UTF-8"?>
<FlowLayout bottom-margin="0.0" even="false" height="100.0%" horizontal="false" horizontal-alignment="left" left-margin="0.0" right-margin="0.0" top-margin="0.0" vertical-alignment="top" width="100.0%">
	<FlowLayout bottom-margin="0.0" even="false" height="10.0%" horizontal="false" horizontal-alignment="left" left-margin="0.0" right-margin="0.0" top-margin="0.0" vertical-alignment="top" width="100.0%">
		<Component bottom-margin="0.0" height="100%" horizontal-alignment="left" left-margin="0%" right-margin="0.0" top-margin="0%" type="image" vertical-alignment="top" width="100%">
			<ComponentValues darkColor="1" lightColor="3"/>
		</Component>
	</FlowLayout>
	<FlowLayout bottom-margin="0.0" even="false" height="2.0%" horizontal="false" horizontal-alignment="left" left-margin="0.0" right-margin="0.0" top-margin="0.0" vertical-alignment="top" width="100.0%">
		<Component bottom-margin="0.0" height="100%" horizontal-alignment="left" left-margin="0%" right-margin="0.0" top-margin="6%" type="image" vertical-alignment="top" width="100%">
			<ComponentValues darkColor="3" lightColor="5"/>
		</Component>
	</FlowLayout>
	<FlowLayout bottom-margin="0.0" even="false" height="88.0%" horizontal="true" horizontal-alignment="left" left-margin="0.0" right-margin="0.0" top-margin="0.0" vertical-alignment="top" width="100.0%">
		<FlowLayout bottom-margin="0.0" even="false" height="100.0%" horizontal="true" horizontal-alignment="left" left-margin="0.0" right-margin="0.0" top-margin="0.0" vertical-alignment="top" width="53.0%">
			<Component bottom-margin="0.0" height="4%" horizontal-alignment="left" left-margin="9.8%" right-margin="0.0" top-margin="33.9%" type="label" vertical-alignment="top" width="62%">
				<ComponentValues darkColor="4" lightColor="1"/>
			</Component>
			<Component bottom-margin="0.0" height="7%" horizontal-alignment="left" left-margin="-62%" right-margin="0.0" top-margin="41.9%" type="label" vertical-alignment="top" width="47%">
				<ComponentValues Line="2" darkColor="1" lightColor="3"/>
			</Component>
			<Component bottom-margin="0.0" height="10%" horizontal-alignment="left" left-margin="-46.8%" right-margin="0.0" top-margin="55.9%" type="button" vertical-alignment="top" width="37%">
				<ComponentValues darkColor="0" lightColor="0"/>
			</Component>
		</FlowLayout>
		<FlowLayout bottom-margin="0.0" even="false" height="100.0%" horizontal="true" horizontal-alignment="left" left-margin="0.0" right-margin="0.0" top-margin="0.0" vertical-alignment="top" width="2.0%">
			<Component bottom-margin="0.0" height="100%" horizontal-alignment="left" left-margin="30%" right-margin="0.0" top-margin="%" type="image" vertical-alignment="top" width="32%">
				<ComponentValues darkColor="3" lightColor="5"/>
			</Component>
		</FlowLayout>
		<FlowLayout bottom-margin="0.0" even="false" height="100.0%" horizontal="true" horizontal-alignment="left" left-margin="0.0" right-margin="0.0" top-margin="0.0" vertical-alignment="top" width="45.0%">
			<Component bottom-margin="0.0" height="100%" horizontal-alignment="left" left-margin="0%" right-margin="0.0" top-margin="0%" type="image" vertical-alignment="top" width="100%">
				<ComponentValues darkColor="1" lightColor="3"/>
			</Component>
		</FlowLayout>
	</FlowLayout>
</FlowLayout>