<?xml version="1.0" encoding="UTF-8"?>
<FlowLayout bottom-margin="0.0" even="false" height="100.0%" horizontal="false" horizontal-alignment="left" left-margin="0.0" right-margin="0.0" top-margin="0.0" vertical-alignment="top" width="100.0%">
	<FlowLayout bottom-margin="0.0" even="false" height="100.0%" horizontal="true" horizontal-alignment="left" left-margin="0.0" right-margin="0.0" top-margin="0.0" vertical-alignment="top" width="100.0%">
			<Component bottom-margin="0.0" height="100%" horizontal-alignment="left" left-margin="0%" right-margin="0.0" top-margin="0%" type="image" vertical-alignment="top" width="100%">
			<ComponentValues darkColor="1" lightColor="3"/>
		</Component>

<Component bottom-margin="0.0" height="3%" horizontal-alignment="left" left-margin="-100%" right-margin="0.0" top-margin="49%" type="image" vertical-alignment="top" width="100%">
			<ComponentValues darkColor="3" lightColor="5"/>
		</Component>
<Component bottom-margin="0.0" height="100%" horizontal-alignment="left" left-margin="-53.5%" right-margin="0.0" top-margin="%" type="image" vertical-alignment="top" width="8%">
			<ComponentValues darkColor="3" lightColor="5"/>
		</Component>
		<Component bottom-margin="0.0" height="6%" horizontal-alignment="left" left-margin="-46%" right-margin="0.0" top-margin="28%" type="label" vertical-alignment="top" width="35%">
			<ComponentValues Line="2" darkColor="1" lightColor="3"/>
		</Component>
		<Component bottom-margin="0.0" height="6%" horizontal-alignment="left" left-margin="-35%" right-margin="0.0" top-margin="78%" type="label" vertical-alignment="top" width="35%">
			<ComponentValues Line="2" darkColor="1" lightColor="3"/>
		</Component>
		<Component bottom-margin="0.0" height="6%" horizontal-alignment="left" left-margin="15%" right-margin="0.0" top-margin="78%" type="label" vertical-alignment="top" width="35%">
			<ComponentValues Line="2" darkColor="1" lightColor="3"/>
		</Component>
		<Component bottom-margin="0.0" height="6%" horizontal-alignment="left" left-margin="-35%" right-margin="0.0" top-margin="28%" type="label" vertical-alignment="top" width="35%">
			<ComponentValues Line="2" darkColor="1" lightColor="3"/>
		</Component>
	</FlowLayout>
</FlowLayout>
