<?xml version="1.0" encoding="UTF-8"?>
<FlowLayout bottom-margin="0.0" even="false" height="100.0%" horizontal="false" horizontal-alignment="left" left-margin="0.0" right-margin="0.0" top-margin="0.0" vertical-alignment="top" width="100.0%">
	<Component bottom-margin="0.0" height="3%" horizontal-alignment="left" left-margin="8%" right-margin="0.0" top-margin="5%" type="label" vertical-alignment="top" width="48%">
		<ComponentValues darkColor="4" lightColor="1"/>
	</Component>
	<Component bottom-margin="0.0" height="26%" horizontal-alignment="left" left-margin="8%" right-margin="0.0" top-margin="2%" type="label" vertical-alignment="top" width="85%">
		<ComponentValues Line="11" darkColor="1" lightColor="3"/>
	</Component>
	<Component bottom-margin="0.0" height="25%" horizontal-alignment="left" left-margin="8%" right-margin="0.0" top-margin="1%" type="image" vertical-alignment="top" width="40%">
		<ComponentValues darkColor="1" lightColor="3"/>
	</Component>
	<Component bottom-margin="0.0" height="25%" horizontal-alignment="left" left-margin="50%" right-margin="0.0" top-margin="-25%" type="label" vertical-alignment="top" width="43%">
		<ComponentValues Line="10" darkColor="1" lightColor="3"/>
	</Component>
	<Component bottom-margin="0.0" height="34%" horizontal-alignment="left" left-margin="8%" right-margin="0.0" top-margin=".5%" type="label" vertical-alignment="top" width="85%">
		<ComponentValues Line="14" darkColor="1" lightColor="3"/>
	</Component>
</FlowLayout>