<?xml version="1.0" encoding="UTF-8"?>
<FlowLayout bottom-margin="0.0" even="false" height="100.0%" horizontal="true" horizontal-alignment="left" left-margin="0.0" right-margin="0.0" top-margin="0.0" vertical-alignment="top" width="100.0%">
	<Component bottom-margin="0.0" height="4%" horizontal-alignment="left" left-margin="6.6%" right-margin="0.0" top-margin="9%" type="label" vertical-alignment="top" width="24.7%">
		<ComponentValues darkColor="4" lightColor="1"/>
	</Component>
	<Component bottom-margin="0.0" height="8%" horizontal-alignment="left" left-margin="-21%" right-margin="0.0" top-margin="18%" type="label" vertical-alignment="top" width="17.7%">
		<ComponentValues Line="2" darkColor="1" lightColor="3"/>
	</Component>
	<Component bottom-margin="0.0" height="4%" horizontal-alignment="left" left-margin="9.9%" right-margin="0.0" top-margin="9%" type="label" vertical-alignment="top" width="24.7%">
		<ComponentValues darkColor="4" lightColor="1"/>
	</Component>
	<Component bottom-margin="0.0" height="8%" horizontal-alignment="left" left-margin="-21%" right-margin="0.0" top-margin="18%" type="label" vertical-alignment="top" width="17.7%">
		<ComponentValues Line="2" darkColor="1" lightColor="3"/>
	</Component>
	<Component bottom-margin="0.0" height="4%" horizontal-alignment="left" left-margin="9.9%" right-margin="0.0" top-margin="9%" type="label" vertical-alignment="top" width="24.7%">
		<ComponentValues darkColor="4" lightColor="1"/>
	</Component>
	<Component bottom-margin="0.0" height="8%" horizontal-alignment="left" left-margin="-21%" right-margin="0.0" top-margin="18%" type="label" vertical-alignment="top" width="17.7%">
		<ComponentValues Line="2" darkColor="1" lightColor="3"/>
	</Component>
	<Component bottom-margin="0.0" height="60%" horizontal-alignment="left" left-margin="-87.9%" right-margin="0.0" top-margin="35%" type="image" vertical-alignment="top" width="94.7%">
		<ComponentValues darkColor="1" lightColor="3"/>
	</Component>
</FlowLayout>