<?xml version="1.0" encoding="UTF-8"?>
<FlowLayout bottom-margin="0.0" even="false" height="100.0%" horizontal="false" horizontal-alignment="left" left-margin="0.0" right-margin="0.0" top-margin="0.0" vertical-alignment="top" width="100.0%">
	<Component bottom-margin="0.0" height="94%" horizontal-alignment="center" left-margin="4.5%" right-margin="0.0" top-margin="3.0%" type="image" vertical-alignment="top" width="51%">
		<ComponentValues darkColor="4" lightColor="3"/>
	</Component>
	<Component bottom-margin="0.0" height="17.5%" horizontal-alignment="center" left-margin="58.6%" right-margin="0.0" top-margin="-84.5%" type="image" vertical-alignment="top" width="10%">
		<ComponentValues darkColor="1" lightColor="3"/>
	</Component>
	<Component bottom-margin="0.0" height="17.5%" horizontal-alignment="center" left-margin="58.6%" right-margin="0.0" top-margin="11.6%" type="image" vertical-alignment="top" width="10%">
		<ComponentValues darkColor="4" lightColor="1"/>
	</Component>
	<Component bottom-margin="0.0" height="17.5%" horizontal-alignment="center" left-margin="58.6%" right-margin="0.0" top-margin="11.4%" type="image" vertical-alignment="top" width="10%">
		<ComponentValues lightColor="0"/>
	</Component>
	<Component bottom-margin="0.0" height="3%" horizontal-alignment="center" left-margin="70.5%" right-margin="0.0" top-margin="-75.0%" type="label" vertical-alignment="top" width="8%">
		<ComponentValues lightColor="3"/>
	</Component>
	<Component bottom-margin="0.0" height="8%" horizontal-alignment="center" left-margin="70.5%" right-margin="0.0" top-margin="5.0%" type="label" vertical-alignment="top" width="24%">
		<ComponentValues Line="2" lightColor="3"/>
	</Component>
	<Component bottom-margin="0.0" height="3%" horizontal-alignment="center" left-margin="70.5%" right-margin="0.0" top-margin="14.0%" type="label" vertical-alignment="top" width="8%">
		<ComponentValues lightColor="3"/>
	</Component>
	<Component bottom-margin="0.0" height="8%" horizontal-alignment="center" left-margin="70.5%" right-margin="0.0" top-margin="5.0%" type="label" vertical-alignment="top" width="24%">
		<ComponentValues Line="2" lightColor="3"/>
	</Component>
	<Component bottom-margin="0.0" height="3%" horizontal-alignment="center" left-margin="70.5%" right-margin="0.0" top-margin="13.0%" type="label" vertical-alignment="top" width="8%">
		<ComponentValues lightColor="3"/>
	</Component>
	<Component bottom-margin="0.0" height="8%" horizontal-alignment="center" left-margin="70.5%" right-margin="0.0" top-margin="5.0%" type="label" vertical-alignment="top" width="24%">
		<ComponentValues Line="2" lightColor="3"/>
	</Component>
</FlowLayout>