<?xml version="1.0" encoding="UTF-8"?>
<FlowLayout bottom-margin="0.0" even="false" height="100.0%" horizontal="true" horizontal-alignment="left" left-margin="0.0" right-margin="0.0" top-margin="0.0" vertical-alignment="top" width="100.0%">
	<FlowLayout bottom-margin="0.0" even="false" height="100.0%" horizontal="true" horizontal-alignment="left" left-margin="0.0" right-margin="0.0" top-margin="0.0" vertical-alignment="top" width="50.0%">
		<Component bottom-margin="0.0" height="3%" horizontal-alignment="center" left-margin="5.5%" right-margin="0.0" top-margin="10.0%" type="label" vertical-alignment="top" width="16%">
			<ComponentValues lightColor="3"/>
		</Component>
		<Component bottom-margin="0.0" height="8%" horizontal-alignment="center" left-margin="-16%" right-margin="0.0" top-margin="18.0%" type="label" vertical-alignment="top" width="49%">
			<ComponentValues Line="2" lightColor="3"/>
		</Component>
		<Component bottom-margin="0.0" height="60%" horizontal-alignment="center" left-margin="-48%" right-margin="0.0" top-margin="36.0%" type="image" vertical-alignment="top" width="91%">
			<ComponentValues darkColor="3" lightColor="5"/>
		</Component>
	</FlowLayout>
	<FlowLayout bottom-margin="0.0" even="false" height="100.0%" horizontal="true" horizontal-alignment="left" left-margin="0.0" right-margin="0.0" top-margin="0.0" vertical-alignment="top" width="50.0%">
		<Component bottom-margin="0.0" height="3%" horizontal-alignment="center" left-margin="3.5%" right-margin="0.0" top-margin="10.0%" type="label" vertical-alignment="top" width="16%">
			<ComponentValues lightColor="3"/>
		</Component>
		<Component bottom-margin="0.0" height="8%" horizontal-alignment="center" left-margin="-16%" right-margin="0.0" top-margin="18.0%" type="label" vertical-alignment="top" width="49%">
			<ComponentValues Line="2" lightColor="3"/>
		</Component>
		<Component bottom-margin="0.0" height="60%" horizontal-alignment="center" left-margin="-48%" right-margin="0.0" top-margin="36.0%" type="image" vertical-alignment="top" width="91%">
			<ComponentValues darkColor="3" lightColor="5"/>
		</Component>
	</FlowLayout>
</FlowLayout>