<?xml version="1.0" encoding="UTF-8"?>
<FlowLayout bottom-margin="0.0" even="false" height="100.0%" horizontal="true" horizontal-alignment="left" left-margin="0.0" right-margin="0.0" top-margin="0.0" vertical-alignment="top" width="100.0%">
	<Component bottom-margin="0.0" height="78%" horizontal-alignment="left" left-margin="9%" right-margin="0.0" top-margin="3%" type="image" vertical-alignment="top" width="26%">
		<ComponentValues lightColor="3"/>
	</Component>
	<Component bottom-margin="0.0" height="78%" horizontal-alignment="left" left-margin="2%" right-margin="0.0" top-margin="3%" type="image" vertical-alignment="top" width="26%">
		<ComponentValues lightColor="3"/>
	</Component>
	<Component bottom-margin="0.0" height="78%" horizontal-alignment="left" left-margin="2%" right-margin="0.0" top-margin="3%" type="image" vertical-alignment="top" width="26%">
		<ComponentValues lightColor="3"/>
	</Component>
	<Component bottom-margin="0.0" height="10%" horizontal-alignment="left" left-margin="-82%" right-margin="0.0" top-margin="83%" type="label" vertical-alignment="top" width="20%">
		<ComponentValues Line="2" darkColor="1" lightColor="3"/>
	</Component>
	<Component bottom-margin="0.0" height="10%" horizontal-alignment="left" left-margin="8%" right-margin="0.0" top-margin="83%" type="label" vertical-alignment="top" width="20%">
		<ComponentValues Line="2" darkColor="1" lightColor="3"/>
	</Component>
	<Component bottom-margin="0.0" height="10%" horizontal-alignment="left" left-margin="8%" right-margin="0.0" top-margin="83%" type="label" vertical-alignment="top" width="20%">
		<ComponentValues Line="2" darkColor="1" lightColor="3"/>
	</Component>
	<Component bottom-margin="0.0" height="15%" horizontal-alignment="left" left-margin="-82%" right-margin="0.0" top-margin="43%" type="image" vertical-alignment="top" width="5%"/>
	<Component bottom-margin="0.0" height="15%" horizontal-alignment="left" left-margin="85%" right-margin="0.0" top-margin="43%" type="image" vertical-alignment="top" width="5%"/>
</FlowLayout>