<?xml version="1.0" encoding="UTF-8"?>
<FlowLayout bottom-margin="0.0" even="false" height="100.0%" horizontal="true" horizontal-alignment="left" left-margin="0.0" right-margin="0.0" top-margin="0.0" vertical-alignment="top" width="100.0%">
	<Component bottom-margin="0.0" height="78%" horizontal-alignment="left" left-margin="37%" right-margin="0.0" top-margin="4%" type="image" vertical-alignment="top" width="27%">
		<ComponentValues darkColor="1" lightColor="3"/>
	</Component>
	<Component bottom-margin="0.0" height="15%" horizontal-alignment="left" left-margin="-60%" right-margin="0.0" top-margin="43%" type="image" vertical-alignment="top" width="8%"/>
	<Component bottom-margin="0.0" height="21%" horizontal-alignment="left" left-margin="33%" right-margin="0.0" top-margin="9%" type="image" vertical-alignment="top" width="12%">
		<ComponentValues imageType="circle"/>
	</Component>
	<Component bottom-margin="0.0" height="35%" horizontal-alignment="left" left-margin="-11%" right-margin="0.0" top-margin="32%" type="label" vertical-alignment="top" width="9%">
		<ComponentValues Line="7"/>
	</Component>
	<Component bottom-margin="0.0" height="15%" horizontal-alignment="left" left-margin="34.5%" right-margin="0.0" top-margin="43%" type="image" vertical-alignment="top" width="8%"/>
	<Component bottom-margin="0.0" height="15%" horizontal-alignment="left" left-margin="-57.5%" right-margin="0.0" top-margin="83%" type="button" vertical-alignment="top" width="21%">
		<ComponentValues darkColor="0" lightColor="0"/>
	</Component>
</FlowLayout>