<?xml version="1.0" encoding="UTF-8"?>
<FlowLayout bottom-margin="0.0" even="false" height="100.0%" horizontal="true" horizontal-alignment="left" left-margin="0.0" right-margin="0.0" top-margin="0.0" vertical-alignment="top" width="100.0%">
	<Component bottom-margin="0.0" height="27%" horizontal-alignment="left" left-margin="2%" right-margin="0.0" top-margin="7%" type="image" vertical-alignment="top" width="26%">
		<ComponentValues lightColor="3"/>
	</Component>
	<Component bottom-margin="0.0" height="9%" horizontal-alignment="left" left-margin="-26%" right-margin="0.0" top-margin="37%" type="label" vertical-alignment="top" width="20%">
		<ComponentValues Line="2" darkColor="1" lightColor="3"/>
	</Component>
	<Component bottom-margin="0.0" height="27%" horizontal-alignment="left" left-margin="15.3%" right-margin="0.0" top-margin="7%" type="image" vertical-alignment="top" width="26%">
		<ComponentValues lightColor="3"/>
	</Component>
	<Component bottom-margin="0.0" height="9%" horizontal-alignment="left" left-margin="-26%" right-margin="0.0" top-margin="37%" type="label" vertical-alignment="top" width="20%">
		<ComponentValues Line="2" darkColor="1" lightColor="3"/>
	</Component>
	<Component bottom-margin="0.0" height="27%" horizontal-alignment="left" left-margin="15.3%" right-margin="0.0" top-margin="7%" type="image" vertical-alignment="top" width="26%"/>
	<Component bottom-margin="0.0" height="9%" horizontal-alignment="left" left-margin="-26%" right-margin="0.0" top-margin="37%" type="label" vertical-alignment="top" width="20%">
		<ComponentValues Line="2" darkColor="1" lightColor="3"/>
	</Component>
	<Component bottom-margin="0.0" height="27%" horizontal-alignment="left" left-margin="-90.6%" right-margin="0.0" top-margin="54.5%" type="image" vertical-alignment="top" width="26%">
		<ComponentValues lightColor="3"/>
	</Component>
	<Component bottom-margin="0.0" height="9%" horizontal-alignment="left" left-margin="-26%" right-margin="0.0" top-margin="84%" type="label" vertical-alignment="top" width="20%">
		<ComponentValues Line="2" darkColor="1" lightColor="3"/>
	</Component>
	<Component bottom-margin="0.0" height="27%" horizontal-alignment="left" left-margin="15.4%" right-margin="0.0" top-margin="54.5%" type="image" vertical-alignment="top" width="26%">
		<ComponentValues lightColor="3"/>
	</Component>
	<Component bottom-margin="0.0" height="9%" horizontal-alignment="left" left-margin="-26%" right-margin="0.0" top-margin="84%" type="label" vertical-alignment="top" width="20%">
		<ComponentValues Line="2" darkColor="1" lightColor="3"/>
	</Component>
	<Component bottom-margin="0.0" height="27%" horizontal-alignment="left" left-margin="15%" right-margin="0.0" top-margin="54.5%" type="image" vertical-alignment="top" width="26%">
		<ComponentValues lightColor="3"/>
	</Component>
	<Component bottom-margin="0.0" height="9%" horizontal-alignment="left" left-margin="-26%" right-margin="0.0" top-margin="84%" type="label" vertical-alignment="top" width="20%">
		<ComponentValues Line="2" darkColor="1" lightColor="3"/>
	</Component>
</FlowLayout>