<?xml version="1.0" encoding="UTF-8"?>
<FlowLayout bottom-margin="0.0" even="false" height="100.0%" horizontal="false" horizontal-alignment="left" left-margin="0.0" right-margin="0.0" top-margin="0.0" vertical-alignment="top" width="100.0%">
	<Component bottom-margin="0.0" height="17%" horizontal-alignment="left" left-margin="7.5%" right-margin="0.0" top-margin="26%" type="image" vertical-alignment="top" width="26.3%"/>
	<Component bottom-margin="0.0" height="3%" horizontal-alignment="left" left-margin="7.5%" right-margin="0.0" top-margin="3%" type="label" vertical-alignment="top" width="26%">
		<ComponentValues darkColor="1" lightColor="3"/>
	</Component>
	<Component bottom-margin="0.0" height="3%" horizontal-alignment="left" left-margin="7.5%" right-margin="0.0" top-margin="3%" type="label" vertical-alignment="top" width="26%">
		<ComponentValues darkColor="1" lightColor="3"/>
	</Component>
	<Component bottom-margin="0.0" height="3%" horizontal-alignment="left" left-margin="7.5%" right-margin="0.0" top-margin="3%" type="label" vertical-alignment="top" width="26%">
		<ComponentValues darkColor="1" lightColor="3"/>
	</Component>
	<Component bottom-margin="0.0" height="3%" horizontal-alignment="left" left-margin="7.5%" right-margin="0.0" top-margin="3%" type="label" vertical-alignment="top" width="26%">
		<ComponentValues darkColor="1" lightColor="3"/>
	</Component>
	<Component bottom-margin="0.0" height="3%" horizontal-alignment="left" left-margin="7.5%" right-margin="0.0" top-margin="3%" type="label" vertical-alignment="top" width="26%">
		<ComponentValues darkColor="1" lightColor="3"/>
	</Component>
	<Component bottom-margin="0.0" height="100%" horizontal-alignment="left" left-margin="40%" right-margin="0.0" top-margin="-73%" type="image" vertical-alignment="top" width="60%">
		<ComponentValues lightColor="3"/>
	</Component>
</FlowLayout>