<?xml version="1.0" encoding="UTF-8"?>
<FlowLayout bottom-margin="0.0" even="false" height="100.0%" horizontal="false" horizontal-alignment="left" left-margin="0.0" right-margin="0.0" top-margin="0.0" vertical-alignment="top" width="100.0%">
	<FlowLayout bottom-margin="0.0" even="false" height="60.0%" horizontal="true" horizontal-alignment="left" left-margin="21.0" right-margin="0.0" top-margin="80.0" vertical-alignment="top" width="85.0%">
		<Component bottom-margin="0.0" height="16%" horizontal-alignment="left" left-margin="72%" right-margin="0.0" top-margin="8%" type="image" vertical-alignment="top" width="21%">
			<ComponentValues darkColor="1" lightColor="3"/>
		</Component>
		<Component bottom-margin="0.0" height="6%" horizontal-alignment="left" left-margin="-73%" right-margin="0.0" top-margin="37%" type="label" vertical-alignment="top" width="59%">
			<ComponentValues darkColor="4" lightColor="1"/>
		</Component>
		<Component bottom-margin="0.0" height="9%" horizontal-alignment="left" left-margin="-53%" right-margin="0.0" top-margin="45%" type="label" vertical-alignment="top" width="47%">
			<ComponentValues Line="2" darkColor="4" lightColor="3"/>
		</Component>
		<Component bottom-margin="0.0" height="15%" horizontal-alignment="left" left-margin="-67%" right-margin="0.0" top-margin="59.6%" type="text-field" vertical-alignment="top" width="88%"/>
		<Component bottom-margin="0.0" height="14%" horizontal-alignment="left" left-margin="-89%" right-margin="0.0" top-margin="77%" type="button" vertical-alignment="top" width="90%">
			<ComponentValues darkColor="0" lightColor="0"/>
		</Component>
	</FlowLayout>
</FlowLayout>