<?xml version="1.0" encoding="UTF-8"?>
<FlowLayout bottom-margin="0.0" even="false" height="100.0%" horizontal="false" horizontal-alignment="left" left-margin="0.0" right-margin="0.0" top-margin="0.0" vertical-alignment="top" width="100.0%">
	<Component bottom-margin="0.0" height="18%" horizontal-alignment="left" left-margin="36%" right-margin="0.0" top-margin="34%" type="image" vertical-alignment="top" width="27%"/>
	<Component bottom-margin="0.0" height="4%" horizontal-alignment="left" left-margin="26%" right-margin="0.0" top-margin="3%" type="label" vertical-alignment="top" width="49.3%">
		<ComponentValues darkColor="4" lightColor="1"/>
	</Component>
	<Component bottom-margin="0.0" height="5%" horizontal-alignment="left" left-margin="30%" right-margin="0.0" top-margin="1%" type="label" vertical-alignment="top" width="41%">
		<ComponentValues Line="2" darkColor="1" lightColor="3"/>
	</Component>
	<Component bottom-margin="0.0" height="6%" horizontal-alignment="left" left-margin="12%" right-margin="0.0" top-margin="26%" type="image" vertical-alignment="top" width="77%">
		<ComponentValues darkColor="1" lightColor="3"/>
	</Component>
</FlowLayout>