<?xml version="1.0" encoding="UTF-8"?>
<FlowLayout bottom-margin="0.0" even="false" height="100.0%" horizontal="false" horizontal-alignment="left" left-margin="0.0" right-margin="0.0" top-margin="0.0" vertical-alignment="top" width="100.0%">
	<FlowLayout bottom-margin="0.0" even="false" height="38.0%" horizontal="true" horizontal-alignment="left" left-margin="0.0" right-margin="0.0" top-margin="0.0" vertical-alignment="top" width="100.0%">
		<Component bottom-margin="0.0" height="10.0%" horizontal-alignment="left" left-margin="34%" right-margin="0.0" top-margin="35%" type="label" vertical-alignment="top" width="32.7%">
			<ComponentValues lightColor="1"/>
		</Component>
		<Component bottom-margin="0.0" height="20.0%" horizontal-alignment="left" left-margin="-28.4%" right-margin="0.0" top-margin="56.4%" type="label" vertical-alignment="top" width="24.5%">
			<ComponentValues Line="2" lightColor="3"/>
		</Component>
	</FlowLayout>
	<FlowLayout bottom-margin="0.0" even="false" height="62.0%" horizontal="true" horizontal-alignment="left" left-margin="0.0" right-margin="0.0" top-margin="0.0" vertical-alignment="top" width="100.0%">
		<Component bottom-margin="0.0" height="28.0%" horizontal-alignment="left" left-margin="8%" right-margin="0.0" top-margin="4%" type="image" vertical-alignment="top" width="12%">
			<ComponentValues darkColor="1" imageType="circle" lightColor="3"/>
		</Component>
		<Component bottom-margin="0.0" height="6.0%" horizontal-alignment="left" left-margin="-11%" right-margin="0.0" top-margin="40.4%" type="label" vertical-alignment="top" width="32.5%">
			<ComponentValues lightColor="1"/>
		</Component>
		<Component bottom-margin="0.0" height="14.0%" horizontal-alignment="left" left-margin="-32.4%" right-margin="0.0" top-margin="55.4%" type="label" vertical-alignment="top" width="24.5%">
			<ComponentValues Line="2" darkColor="1" lightColor="3"/>
		</Component>
		<Component bottom-margin="0.0" height="28.0%" horizontal-alignment="left" left-margin="25.5%" right-margin="0.0" top-margin="4%" type="image" vertical-alignment="top" width="12%">
			<ComponentValues imageType="circle" lightColor="3"/>
		</Component>
		<Component bottom-margin="0.0" height="6.0%" horizontal-alignment="left" left-margin="-12%" right-margin="0.0" top-margin="40.4%" type="label" vertical-alignment="top" width="32.5%">
			<ComponentValues lightColor="1"/>
		</Component>
		<Component bottom-margin="0.0" height="14.0%" horizontal-alignment="left" left-margin="-32.4%" right-margin="0.0" top-margin="55.4%" type="label" vertical-alignment="top" width="24.5%">
			<ComponentValues Line="2" lightColor="3"/>
		</Component>
		<Component bottom-margin="0.0" height="9%" horizontal-alignment="left" left-margin="-41.5%" right-margin="0.0" top-margin="85.7%" type="image" vertical-alignment="top" width="17%">
			<ComponentValues lightColor="3"/>
		</Component>
	</FlowLayout>
</FlowLayout>