<?xml version="1.0" encoding="UTF-8"?>
<FlowLayout bottom-margin="0.0" even="false" height="100.0%" horizontal="false" horizontal-alignment="left" left-margin="0.0" right-margin="0.0" top-margin="0.0" vertical-alignment="top" width="100.0%">
	<FlowLayout bottom-margin="0.0" even="false" height="55.0%" horizontal="false" horizontal-alignment="left" left-margin="0.0" right-margin="0.0" top-margin="0.0" vertical-alignment="top" width="100.0%">
		<Component bottom-margin="0.0" height="100%" horizontal-alignment="left" left-margin="0%" right-margin="0.0" top-margin="0%" type="image" vertical-alignment="top" width="100%"/>
	</FlowLayout>
	<FlowLayout bottom-margin="0.0" even="false" height="45.0%" horizontal="true" horizontal-alignment="left" left-margin="0.0" right-margin="0.0" top-margin="0.0" vertical-alignment="top" width="100.0%">
		<Component bottom-margin="0.0" height="6%" horizontal-alignment="left" left-margin="8%" right-margin="0.0" top-margin="11%" type="label" vertical-alignment="top" width="48%">
			<ComponentValues darkColor="4" lightColor="1"/>
		</Component>
		<Component bottom-margin="0.0" height="9%" horizontal-alignment="left" left-margin="-48%" right-margin="0.0" top-margin="22%" type="label" vertical-alignment="top" width="37%">
			<ComponentValues Line="2" darkColor="1" lightColor="3"/>
		</Component>
		<Component bottom-margin="0.0" height="32%" horizontal-alignment="left" left-margin="-39%" right-margin="0.0" top-margin="34%" type="image" vertical-alignment="top" width="90%">
			<ComponentValues darkColor="3" lightColor="5"/>
		</Component>
		<Component bottom-margin="0.0" height="20%" horizontal-alignment="left" left-margin="-84%" right-margin="0.0" top-margin="71%" type="button" vertical-alignment="top" width="76.3%">
			<ComponentValues darkColor="0" lightColor="0"/>
		</Component>
		<Component bottom-margin="0.0" height="6%" horizontal-alignment="left" left-margin="-9%" right-margin="0.0" top-margin="18%" type="label" vertical-alignment="top" width="14.3%">
			<ComponentValues darkColor="1" lightColor="3"/>
		</Component>
	</FlowLayout>
</FlowLayout>