<?xml version="1.0" encoding="UTF-8"?>
<FlowLayout bottom-margin="0.0" even="false" height="100.0%" horizontal="true" horizontal-alignment="left" left-margin="0.0" right-margin="0.0%" top-margin="0.0" vertical-alignment="top" width="100.0%">
	<Component bottom-margin="5.0%" height="90.0%" horizontal-alignment="center" left-margin="3.0%" right-margin="0.0%" top-margin="5.0%" type="image" vertical-alignment="center" width="49%">
		<ComponentValues darkColor="1" lightColor="3"/>
	</Component>
	<Component bottom-margin="5.0%" height="17.0%" horizontal-alignment="center" left-margin="2.5%" right-margin="0.0%" top-margin="11.0%" type="image" vertical-alignment="center" width="9%">
		<ComponentValues imageType="circle" lightColor="3"/>
	</Component>
	<Component bottom-margin="5.0%" height="4%" horizontal-alignment="center" left-margin="-9.0%" right-margin="0.0%" top-margin="33.0%" type="label" vertical-alignment="center" width="24.6%">
		<ComponentValues lightColor="1"/>
	</Component>
	<Component bottom-margin="5.0%" height="47%" horizontal-alignment="center" left-margin="-24.60%" right-margin="0.0%" top-margin="42.0%" type="label" vertical-alignment="center" width="42.6%">
		<ComponentValues Line="10" darkColor="1" lightColor="3"/>
	</Component>
</FlowLayout>