<?xml version="1.0" encoding="UTF-8"?>
<FlowLayout bottom-margin="0.0" even="false" height="100.0%" horizontal="true" horizontal-alignment="left" left-margin="0.0" right-margin="0.0" top-margin="0.0" vertical-alignment="top" width="100.0%">
	<Component bottom-margin="0.0" height="4.0%" horizontal-alignment="center" left-margin="7%" right-margin="0.0" top-margin="27.0%" type="label" vertical-alignment="top" width="32.5%">
		<ComponentValues darkColor="4" lightColor="1"/>
	</Component>
	<Component bottom-margin="0.0" height="8%" horizontal-alignment="center" left-margin="-28%" right-margin="0.0" top-margin="36.0%" type="label" vertical-alignment="top" width="24%">
		<ComponentValues Line="2" darkColor="1" lightColor="3"/>
	</Component>
	<Component bottom-margin="0.0" height="12.0%" horizontal-alignment="center" left-margin="-26%" right-margin="0.0" top-margin="48.0%" type="text-field" vertical-alignment="top" width="28.5%">
		<ComponentValues darkColor="1" lightRGB="-1"/>
	</Component>
	<Component bottom-margin="0.0" height="90%" horizontal-alignment="center" left-margin="8.6%" right-margin="0.0" top-margin="5.0%" type="image" vertical-alignment="top" width="51%">
		<ComponentValues darkColor="1" lightColor="3"/>
	</Component>
	<Component bottom-margin="0.0" height="12.0%" horizontal-alignment="center" left-margin="-83.9%" right-margin="0.0" top-margin="63.0%" type="button" vertical-alignment="top" width="19.5%">
		<ComponentValues darkColor="0" lightColor="0"/>
	</Component>
</FlowLayout>