<?xml version="1.0" encoding="UTF-8"?>
<FlowLayout bottom-margin="0.0" even="false" height="100.0%" horizontal="false" horizontal-alignment="left" left-margin="0.0" right-margin="0.0" top-margin="0.0" vertical-alignment="top" width="100.0%">
	<FlowLayout bottom-margin="0.0" even="false" height="60.0%" horizontal="false" horizontal-alignment="left" left-margin="0.0" right-margin="0.0" top-margin="0.0" vertical-alignment="top" width="100.0%">
		<Component bottom-margin="0.0" height="72%" horizontal-alignment="left" left-margin="7%" right-margin="0.0" top-margin="4%" type="image" vertical-alignment="top" width="86.3%"/>
		<Component bottom-margin="0.0" height="5%" horizontal-alignment="left" left-margin="7%" right-margin="0.0" top-margin="6%" type="label" vertical-alignment="top" width="51%">
			<ComponentValues darkColor="4" lightColor="1"/>
		</Component>
		<Component bottom-margin="0.0" height="8%" horizontal-alignment="left" left-margin="7%" right-margin="0.0" top-margin="3%" type="label" vertical-alignment="top" width="38%">
			<ComponentValues Line="2" darkColor="1" lightColor="3"/>
		</Component>
	</FlowLayout>
	<FlowLayout bottom-margin="0.0" even="false" height="40.0%" horizontal="true" horizontal-alignment="left" left-margin="0.0" right-margin="0.0" top-margin="0.0" vertical-alignment="top" width="100.0%">
		<Component bottom-margin="0.0" height="62%" horizontal-alignment="left" left-margin="7%" right-margin="0.0" top-margin="6%" type="image" vertical-alignment="top" width="40.3%"/>
		<Component bottom-margin="0.0" height="11%" horizontal-alignment="left" left-margin="-39%" right-margin="0.0" top-margin="78%" type="label" vertical-alignment="top" width="38%">
			<ComponentValues Line="2" darkColor="1" lightColor="3"/>
		</Component>
		<Component bottom-margin="0.0" height="62%" horizontal-alignment="left" left-margin="3%" right-margin="0.0" top-margin="6%" type="image" vertical-alignment="top" width="40.3%"/>
		<Component bottom-margin="0.0" height="11%" horizontal-alignment="left" left-margin="-39%" right-margin="0.0" top-margin="78%" type="label" vertical-alignment="top" width="38%">
			<ComponentValues Line="2" darkColor="1" lightColor="3"/>
		</Component>
		<Component bottom-margin="0.0" height="84%" horizontal-alignment="left" left-margin="3%" right-margin="0.0" top-margin="6%" type="image" vertical-alignment="top" width="8.3%"/>
	</FlowLayout>
</FlowLayout>