<?xml version="1.0" encoding="UTF-8"?>
<FlowLayout bottom-margin="0.0" even="false" height="100.0%" horizontal="false" horizontal-alignment="left" left-margin="0.0" right-margin="0.0" top-margin="0.0" vertical-alignment="top" width="100.0%">
	<FlowLayout bottom-margin="0.0" even="false" height="10.0%" horizontal="false" horizontal-alignment="left" left-margin="0.0" right-margin="0.0" top-margin="0.0" vertical-alignment="top" width="100.0%">
		<Component bottom-margin="0.0" height="53%" horizontal-alignment="left" left-margin="%" right-margin="0.0" top-margin="35%" type="image" vertical-alignment="top" width="100%"/>
	</FlowLayout>
	<FlowLayout bottom-margin="0.0" even="false" height="90.0%" horizontal="true" horizontal-alignment="left" left-margin="0.0" right-margin="0.0" top-margin="0.0" vertical-alignment="top" width="100.0%">
		<Component bottom-margin="0.0" height="19%" horizontal-alignment="left" left-margin="6.5%" right-margin="0.0" top-margin="1.5%" type="image" vertical-alignment="top" width="27.3%"/>
		<Component bottom-margin="0.0" height="5%" horizontal-alignment="left" left-margin="5%" right-margin="0.0" top-margin="5%" type="label" vertical-alignment="top" width="51%">
			<ComponentValues darkColor="4" lightColor="1"/>
		</Component>
		<Component bottom-margin="0.0" height="5%" horizontal-alignment="left" left-margin="-50%" right-margin="0.0" top-margin="11.5%" type="label" vertical-alignment="top" width="38%">
			<ComponentValues Line="2" darkColor="1" lightColor="3"/>
		</Component>
		<Component bottom-margin="0.0" height="19%" horizontal-alignment="left" left-margin="-71%" right-margin="0.0" top-margin="24%" type="image" vertical-alignment="top" width="27.3%"/>
		<Component bottom-margin="0.0" height="5%" horizontal-alignment="left" left-margin="5%" right-margin="0.0" top-margin="27%" type="label" vertical-alignment="top" width="51%">
			<ComponentValues darkColor="4" lightColor="1"/>
		</Component>
		<Component bottom-margin="0.0" height="5%" horizontal-alignment="left" left-margin="-50%" right-margin="0.0" top-margin="33.8%" type="label" vertical-alignment="top" width="38%">
			<ComponentValues Line="2" darkColor="1" lightColor="3"/>
		</Component>
		<Component bottom-margin="0.0" height="19%" horizontal-alignment="left" left-margin="-71%" right-margin="0.0" top-margin="46%" type="image" vertical-alignment="top" width="27.3%"/>
		<Component bottom-margin="0.0" height="5%" horizontal-alignment="left" left-margin="5%" right-margin="0.0" top-margin="49.5%" type="label" vertical-alignment="top" width="51%">
			<ComponentValues darkColor="4" lightColor="1"/>
		</Component>
		<Component bottom-margin="0.0" height="5%" horizontal-alignment="left" left-margin="-50%" right-margin="0.0" top-margin="55.8%" type="label" vertical-alignment="top" width="38%">
			<ComponentValues Line="2" darkColor="1" lightColor="3"/>
		</Component>
		<Component bottom-margin="0.0" height="19%" horizontal-alignment="left" left-margin="-71%" right-margin="0.0" top-margin="68.5%" type="image" vertical-alignment="top" width="27.3%"/>
		<Component bottom-margin="0.0" height="5%" horizontal-alignment="left" left-margin="5%" right-margin="0.0" top-margin="71.7%" type="label" vertical-alignment="top" width="51%">
			<ComponentValues darkColor="4" lightColor="1"/>
		</Component>
		<Component bottom-margin="0.0" height="5%" horizontal-alignment="left" left-margin="-50%" right-margin="0.0" top-margin="78%" type="label" vertical-alignment="top" width="38%">
			<ComponentValues Line="2" darkColor="1" lightColor="3"/>
		</Component>
		<Component bottom-margin="0.0" height="7%" horizontal-alignment="left" left-margin="-55%" right-margin="0.0" top-margin="89.5%" type="image" vertical-alignment="top" width="51.3%"/>
	</FlowLayout>
</FlowLayout>