<?xml version="1.0" encoding="UTF-8"?>
<FlowLayout bottom-margin="0.0" even="false" height="100.0%" horizontal="true" horizontal-alignment="left" left-margin="0.0" right-margin="0.0" top-margin="0.0" vertical-alignment="top" width="100.0%">
	<Component bottom-margin="0.0" height="13%" horizontal-alignment="left" left-margin="2%" right-margin="0.0" top-margin="3.6%" type="image" vertical-alignment="top" width="96.7%">
		<ComponentValues darkColor="4" lightColor="1"/>
	</Component>
	<Component bottom-margin="0.0" height="10%" horizontal-alignment="left" left-margin="-90.6%" right-margin="0.0" top-margin="30%" type="text-field" vertical-alignment="top" width="40.3%">
		<ComponentValues darkRGB="-7960954" lightRGB="-1"/>
	</Component>
	<Component bottom-margin="0.0" height="10%" horizontal-alignment="left" left-margin="5.6%" right-margin="0.0" top-margin="30%" type="text-field" vertical-alignment="top" width="40.3%">
		<ComponentValues darkRGB="-7960954" lightRGB="-1"/>
	</Component>
	<Component bottom-margin="0.0" height="10%" horizontal-alignment="left" left-margin="-85.6%" right-margin="0.0" top-margin="45%" type="text-field" vertical-alignment="top" width="85.3%">
		<ComponentValues darkRGB="-7960954" lightRGB="-1"/>
	</Component>
	<Component bottom-margin="0.0" height="10%" horizontal-alignment="left" left-margin="-85.6%" right-margin="0.0" top-margin="60%" type="text-field" vertical-alignment="top" width="40.3%">
		<ComponentValues darkRGB="-7960954" lightRGB="-1"/>
	</Component>
	<Component bottom-margin="0.0" height="10%" horizontal-alignment="left" left-margin="5%" right-margin="0.0" top-margin="60%" type="text-field" vertical-alignment="top" width="40.3%">
		<ComponentValues darkRGB="-7960954" lightRGB="-1"/>
	</Component>
	<Component bottom-margin="0.0" height="13%" horizontal-alignment="left" left-margin="-54.3%" right-margin="0.0" top-margin="83.5%" type="button" vertical-alignment="top" width="21.3%">
		<ComponentValues darkColor="0" lightColor="0"/>
	</Component>
</FlowLayout>