<?xml version="1.0" encoding="UTF-8"?>
<FlowLayout bottom-margin="0.0" even="false" height="100.0%" horizontal="false" horizontal-alignment="left" left-margin="0.0" right-margin="0.0" top-margin="0.0" vertical-alignment="top" width="100.0%">
	<FlowLayout bottom-margin="0.0" even="false" height="29.0%" horizontal="false" horizontal-alignment="left" left-margin="0.0" right-margin="0.0" top-margin="0.0" vertical-alignment="top" width="100.0%">
		<Component bottom-margin="0.0" height="100%" horizontal-alignment="left" left-margin="%" right-margin="0.0" top-margin="%" type="image" vertical-alignment="top" width="100%"/>
	</FlowLayout>
	<FlowLayout bottom-margin="0.0" even="false" height="61.0%" horizontal="true" horizontal-alignment="left" left-margin="0.0" right-margin="0.0" top-margin="0.0" vertical-alignment="top" width="100.0%">
		<Component bottom-margin="0.0" height="15%" horizontal-alignment="left" left-margin="12%" right-margin="0.0" top-margin="10%" type="text-field" vertical-alignment="top" width="78%">
			<ComponentValues darkRGB="-7960954" lightRGB="-1"/>
		</Component>
		<Component bottom-margin="0.0" height="15.5%" horizontal-alignment="left" left-margin="-78%" right-margin="0.0" top-margin="26%" type="text-field" vertical-alignment="top" width="38%">
			<ComponentValues darkRGB="-7960954" lightRGB="-1"/>
		</Component>
		<Component bottom-margin="0.0" height="15.5%" horizontal-alignment="left" left-margin="1%" right-margin="0.0" top-margin="26%" type="text-field" vertical-alignment="top" width="38%">
			<ComponentValues darkRGB="-7960954" lightRGB="-1"/>
		</Component>
		<Component bottom-margin="0.0" height="15.5%" horizontal-alignment="left" left-margin="-77%" right-margin="0.0" top-margin="43%" type="text-field" vertical-alignment="top" width="77%">
			<ComponentValues darkRGB="-7960954" lightRGB="-1"/>
		</Component>
		<Component bottom-margin="0.0" height="15.5%" horizontal-alignment="left" left-margin="-77%" right-margin="0.0" top-margin="59%" type="text-field" vertical-alignment="top" width="77%">
			<ComponentValues darkRGB="-7960954" lightRGB="-1"/>
		</Component>
		<Component bottom-margin="0.0" height="15.5%" horizontal-alignment="left" left-margin="-77%" right-margin="0.0" top-margin="75%" type="button" vertical-alignment="top" width="77%">
			<ComponentValues darkColor="0" lightColor="0"/>
		</Component>
		<Component bottom-margin="0.0" height="14%" horizontal-alignment="left" left-margin="-77%" right-margin="0.0" top-margin="92.5%" type="image" vertical-alignment="top" width="38%"/>
		<Component bottom-margin="0.0" height="14%" horizontal-alignment="left" left-margin="1%" right-margin="0.0" top-margin="92.5%" type="image" vertical-alignment="top" width="38%"/>
	</FlowLayout>
</FlowLayout>