<?xml version="1.0" encoding="UTF-8"?>
<FlowLayout bottom-margin="0.0" even="false" height="100.0%" horizontal="true" horizontal-alignment="left" left-margin="0.0" right-margin="0.0" top-margin="0.0" vertical-alignment="top" width="100.0%">
	<FlowLayout bottom-margin="0.0" even="false" height="100.0%" horizontal="true" horizontal-alignment="left" left-margin="0.0" right-margin="0.0" top-margin="0.0" vertical-alignment="top" width="26.0%">
		<Component bottom-margin="0.0" height="90.0%" horizontal-alignment="left" left-margin="10.4%" right-margin="0.0" top-margin="5%" type="image" vertical-alignment="top" width="84.5%">
			<ComponentValues darkColor="3" lightColor="5"/>
		</Component>
		<Component bottom-margin="0.0" height="17%" horizontal-alignment="left" left-margin="-60%" right-margin="0.0" top-margin="12%" type="image" vertical-alignment="top" width="36.%">
			<ComponentValues darkColor="1" imageType="circle" lightColor="3"/>
		</Component>
		<Component bottom-margin="0.0" height="3%" horizontal-alignment="left" left-margin="-31.9%" right-margin="0.0" top-margin="36.0%" type="label" vertical-alignment="top" width="27.%">
			<ComponentValues darkColor="1" lightColor="3"/>
		</Component>
		<Component bottom-margin="0.0" height="3%" horizontal-alignment="left" left-margin="-26.9%" right-margin="0.0" top-margin="46.7%" type="label" vertical-alignment="top" width="27.%">
			<ComponentValues darkColor="1" lightColor="3"/>
		</Component>
		<Component bottom-margin="0.0" height="3%" horizontal-alignment="left" left-margin="-26.9%" right-margin="0.0" top-margin="56.7%" type="label" vertical-alignment="top" width="27.%">
			<ComponentValues darkColor="1" lightColor="3"/>
		</Component>
		<Component bottom-margin="0.0" height="3%" horizontal-alignment="left" left-margin="-26.9%" right-margin="0.0" top-margin="66.7%" type="label" vertical-alignment="top" width="27.%">
			<ComponentValues darkColor="1" lightColor="5"/>
		</Component>
		<Component bottom-margin="0.0" height="3%" horizontal-alignment="left" left-margin="-26.9%" right-margin="0.0" top-margin="76.7%" type="label" vertical-alignment="top" width="27.%">
			<ComponentValues darkColor="1" lightColor="3"/>
		</Component>
		<Component bottom-margin="0.0" height="3%" horizontal-alignment="left" left-margin="-26.9%" right-margin="0.0" top-margin="86.7%" type="label" vertical-alignment="top" width="27.%">
			<ComponentValues darkColor="1" lightColor="3"/>
		</Component>
	</FlowLayout>
	<FlowLayout bottom-margin="0.0" even="false" height="100.0%" horizontal="true" horizontal-alignment="left" left-margin="0.0" right-margin="0.0" top-margin="0.0" vertical-alignment="top" width="36.5%">
		<Component bottom-margin="0.0" height="9.0%" horizontal-alignment="left" left-margin="3.%" right-margin="0.0" top-margin="5%" type="image" vertical-alignment="top" width="92.5%">
			<ComponentValues lightColor="3"/>
		</Component>
		<Component bottom-margin="0.0" height="35%" horizontal-alignment="left" left-margin="-91.9%" right-margin="0.0" top-margin="19.0%" type="image" vertical-alignment="top" width="93.%">
			<ComponentValues lightColor="3"/>
		</Component>
		<Component bottom-margin="0.0" height="35%" horizontal-alignment="left" left-margin="-93%" right-margin="0.0" top-margin="60.0%" type="image" vertical-alignment="top" width="93.%">
			<ComponentValues darkColor="1" lightColor="3"/>
		</Component>
	</FlowLayout>
	<FlowLayout bottom-margin="0.0" even="false" height="100.0%" horizontal="true" horizontal-alignment="left" left-margin="0.0" right-margin="0.0" top-margin="0.0" vertical-alignment="top" width="37%">
		<Component bottom-margin="0.0" height="35%" horizontal-alignment="left" left-margin="3%" right-margin="0.0" top-margin="5.0%" type="image" vertical-alignment="top" width="93.%">
			<ComponentValues darkColor="1" lightColor="3"/>
		</Component>
		<Component bottom-margin="0.0" height="50%" horizontal-alignment="left" left-margin="-93%" right-margin="0.0" top-margin="45.0%" type="panel" vertical-alignment="top" width="93.%">
			<ComponentValues darkColor="1" lightColor="3"/>
		</Component>
		<Component bottom-margin="0.0" height="3%" horizontal-alignment="left" left-margin="-87%" right-margin="0.0" top-margin="50.0%" type="image" vertical-alignment="top" width="23.%">
			<ComponentValues darkColor="4" lightRGB="-1"/>
		</Component>
		<Component bottom-margin="0.0" height="3.9%" horizontal-alignment="left" left-margin="-22%" right-margin="0.0" top-margin="58.0%" type="label" vertical-alignment="top" width="66.%">
			<ComponentValues darkRGB="-16776961" lightColor="1"/>
		</Component>
		<Component bottom-margin="0.0" height="3.%" horizontal-alignment="left" left-margin="-66%" right-margin="0.0" top-margin="67.0%" type="label" vertical-alignment="top" width="50.%">
			<ComponentValues darkColor="4" lightRGB="-1"/>
		</Component>
		<Component bottom-margin="0.0" height="18%" horizontal-alignment="left" left-margin="-50%" right-margin="0.0" top-margin="75.0%" type="label" vertical-alignment="top" width="78.%">
			<ComponentValues Line="4" darkColor="4" lightRGB="-1"/>
		</Component>
	</FlowLayout>
</FlowLayout>