<?xml version="1.0" encoding="UTF-8"?>
<FlowLayout bottom-margin="0.0" even="false" height="100.0%" horizontal="false" horizontal-alignment="left" left-margin="0.0" right-margin="0.0" top-margin="0.0" vertical-alignment="top" width="100.0%">
	<Component bottom-margin="0.0" height="16%" horizontal-alignment="left" left-margin="34%" right-margin="0.0" top-margin="42%" type="image" vertical-alignment="top" width="33%">
		<ComponentValues darkColor="1" lightColor="3"/>
	</Component>
	<Component bottom-margin="0.0" height="16%" horizontal-alignment="left" left-margin="6%" right-margin="0.0" top-margin="14%" type="image" vertical-alignment="top" width="29%">
		<ComponentValues darkColor="1" lightColor="3"/>
	</Component>
	<Component bottom-margin="0.0" height="3%" horizontal-alignment="left" left-margin="40%" right-margin="0.0" top-margin="-12.5%" type="label" vertical-alignment="top" width="50%">
		<ComponentValues darkColor="4" lightColor="1"/>
	</Component>
	<Component bottom-margin="0.0" height="4%" horizontal-alignment="left" left-margin="40%" right-margin="0.0" top-margin="2%" type="label" vertical-alignment="top" width="37%">
		<ComponentValues Line="2" darkColor="1" lightColor="3"/>
	</Component>
	<Component bottom-margin="0.0" height="5%" horizontal-alignment="left" left-margin="2%" right-margin="0.0" top-margin="6%" type="image" vertical-alignment="top" width="52%">
		<ComponentValues darkColor="1" lightColor="3"/>
	</Component>
</FlowLayout>
