<?xml version="1.0" encoding="UTF-8"?>
<FlowLayout bottom-margin="0.0" even="false" height="100.0%" horizontal="true" horizontal-alignment="left" left-margin="0.0" right-margin="0.0" top-margin="0.0" vertical-alignment="top" width="100.0%">
	<Component bottom-margin="0.0" height="25%" horizontal-alignment="left" left-margin="10%" right-margin="0.0" top-margin="8%" type="image" vertical-alignment="top" width="27.%"/>
	<Component bottom-margin="0.0" height="4%" horizontal-alignment="left" left-margin="2%" right-margin="0.0" top-margin="12.2%" type="label" vertical-alignment="top" width="24%">
		<ComponentValues darkColor="4" lightColor="1"/>
	</Component>
	<Component bottom-margin="0.0" height="9%" horizontal-alignment="left" left-margin="-24%" right-margin="0.0" top-margin="21.2%" type="label" vertical-alignment="top" width="51.%">
		<ComponentValues Line="2" darkColor="1" lightColor="3"/>
	</Component>
	<Component bottom-margin="0.0" height="25%" horizontal-alignment="left" left-margin="-80%" right-margin="0.0" top-margin="38%" type="image" vertical-alignment="top" width="27.%"/>
	<Component bottom-margin="0.0" height="4%" horizontal-alignment="left" left-margin="2%" right-margin="0.0" top-margin="42.2%" type="label" vertical-alignment="top" width="24%">
		<ComponentValues darkColor="4" lightColor="1"/>
	</Component>
	<Component bottom-margin="0.0" height="9%" horizontal-alignment="left" left-margin="-24%" right-margin="0.0" top-margin="51.2%" type="label" vertical-alignment="top" width="51.%">
		<ComponentValues Line="2" darkColor="1" lightColor="3"/>
	</Component>
	<Component bottom-margin="0.0" height="25%" horizontal-alignment="left" left-margin="-80%" right-margin="0.0" top-margin="68%" type="image" vertical-alignment="top" width="27.%"/>
	<Component bottom-margin="0.0" height="4%" horizontal-alignment="left" left-margin="2%" right-margin="0.0" top-margin="72.2%" type="label" vertical-alignment="top" width="24%">
		<ComponentValues darkColor="4" lightColor="1"/>
	</Component>
	<Component bottom-margin="0.0" height="9%" horizontal-alignment="left" left-margin="-24%" right-margin="0.0" top-margin="81.2%" type="label" vertical-alignment="top" width="51.%">
		<ComponentValues Line="2" darkColor="1" lightColor="3"/>
	</Component>
	<Component bottom-margin="0.0" height="16%" horizontal-alignment="left" left-margin="-87%" right-margin="0.0" top-margin="42%" type="image" vertical-alignment="top" width="5.%"/>
	<Component bottom-margin="0.0" height="16%" horizontal-alignment="left" left-margin="84%" right-margin="0.0" top-margin="42%" type="image" vertical-alignment="top" width="5.%"/>
</FlowLayout>