<?xml version="1.0" encoding="UTF-8"?>
<FlowLayout bottom-margin="0.0" even="false" height="100.0%" horizontal="false" horizontal-alignment="left" left-margin="0.0" right-margin="0.0" top-margin="0.0" vertical-alignment="top" width="100.0%">
	<Component bottom-margin="0.0" height="40%" horizontal-alignment="left" left-margin="2%" right-margin="0.0" top-margin="13%" type="image" vertical-alignment="top" width="26%"/>
	<Component bottom-margin="0.0" height="4%" horizontal-alignment="left" left-margin="3%" right-margin="0.0" top-margin="4%" type="label" vertical-alignment="top" width="24%">
		<ComponentValues darkColor="4" lightColor="1"/>
	</Component>
	<Component bottom-margin="0.0" height="10%" horizontal-alignment="left" left-margin="3%" right-margin="0.0" top-margin="3%" type="label" vertical-alignment="top" width="19%">
		<ComponentValues Line="2" darkColor="1" lightColor="3"/>
	</Component>
	<Component bottom-margin="0.0" height="40%" horizontal-alignment="left" left-margin="37.5%" right-margin="0.0" top-margin="-61%" type="image" vertical-alignment="top" width="26%">
		<ComponentValues lightColor="3"/>
	</Component>
	<Component bottom-margin="0.0" height="4%" horizontal-alignment="left" left-margin="38%" right-margin="0.0" top-margin="4%" type="label" vertical-alignment="top" width="24%">
		<ComponentValues darkColor="4" lightColor="1"/>
	</Component>
	<Component bottom-margin="0.0" height="10%" horizontal-alignment="left" left-margin="38%" right-margin="0.0" top-margin="3%" type="label" vertical-alignment="top" width="19%">
		<ComponentValues Line="2" darkColor="1" lightColor="3"/>
	</Component>
	<Component bottom-margin="0.0" height="40%" horizontal-alignment="left" left-margin="72.5%" right-margin="0.0" top-margin="-61%" type="image" vertical-alignment="top" width="26%">
		<ComponentValues lightColor="3"/>
	</Component>
	<Component bottom-margin="0.0" height="4%" horizontal-alignment="left" left-margin="73%" right-margin="0.0" top-margin="4%" type="label" vertical-alignment="top" width="24%">
		<ComponentValues darkColor="4" lightColor="1"/>
	</Component>
	<Component bottom-margin="0.0" height="10%" horizontal-alignment="left" left-margin="73%" right-margin="0.0" top-margin="3%" type="label" vertical-alignment="top" width="19%">
		<ComponentValues Line="2" darkColor="1" lightColor="3"/>
	</Component>
	<Component bottom-margin="0.0" height="9%" horizontal-alignment="left" left-margin="40.5%" right-margin="0.0" top-margin="10%" type="image" vertical-alignment="top" width="20%"/>
</FlowLayout>