<?xml version="1.0" encoding="UTF-8"?>
<FlowLayout bottom-margin="0.0" even="false" height="100.0%" horizontal="true" horizontal-alignment="left" left-margin="0.0" right-margin="0.0" top-margin="0.0" vertical-alignment="top" width="100.0%">
	<Component bottom-margin="0.0" height="4.0%" horizontal-alignment="center" left-margin="15%" right-margin="0.0" top-margin="35.0%" type="label" vertical-alignment="top" width="26.5%">
		<ComponentValues darkColor="4" lightColor="1"/>
	</Component>
	<Component bottom-margin="0.0" height="9%" horizontal-alignment="center" left-margin="-26.5%" right-margin="0.0" top-margin="42.0%" type="label" vertical-alignment="top" width="18.5%">
		<ComponentValues Line="2" darkColor="1" lightColor="3"/>
	</Component>
	<Component bottom-margin="0.0" height="13%" horizontal-alignment="center" left-margin="-19%" right-margin="0.0" top-margin="54.0%" type="button" vertical-alignment="top" width="20%">
		<ComponentValues darkColor="0" lightColor="0"/>
	</Component>
	<Component bottom-margin="0.0" height="95%" horizontal-alignment="center" left-margin="17%" right-margin="0.0" top-margin="5.0%" type="image" vertical-alignment="top" width="48.5%"/>
</FlowLayout>