<?xml version="1.0" encoding="UTF-8"?>
<FlowLayout bottom-margin="0.0" even="false" height="100.0%" horizontal="true" horizontal-alignment="left" left-margin="0.0" right-margin="0.0" top-margin="0.0" vertical-alignment="top" width="100.0%">
	<Component bottom-margin="0.0" height="45%" horizontal-alignment="left" left-margin="3%" right-margin="0.0" top-margin="5%" type="image" vertical-alignment="top" width="49.%">
		<ComponentValues darkColor="1" lightColor="3"/>
	</Component>
	<Component bottom-margin="0.0" height="4%" horizontal-alignment="left" left-margin="5.5%" right-margin="0.0" top-margin="19.2%" type="label" vertical-alignment="top" width="32.3%">
		<ComponentValues darkColor="4" lightColor="1"/>
	</Component>
	<Component bottom-margin="0.0" height="8%" horizontal-alignment="left" left-margin="-32%" right-margin="0.0" top-margin="28.9%" type="label" vertical-alignment="top" width="24.%">
		<ComponentValues Line="2" darkColor="1" lightColor="3"/>
	</Component>
	<Component bottom-margin="0.0" height="25%" horizontal-alignment="left" left-margin="-78.9%" right-margin="0.0" top-margin="55%" type="image" vertical-alignment="top" width="24.%">
		<ComponentValues darkColor="1" lightColor="3"/>
	</Component>
	<Component bottom-margin="0.0" height="8%" horizontal-alignment="left" left-margin="-24%" right-margin="0.0" top-margin="84.9%" type="label" vertical-alignment="top" width="18.%">
		<ComponentValues Line="2" darkColor="1" lightColor="3"/>
	</Component>
	<Component bottom-margin="0.0" height="25%" horizontal-alignment="left" left-margin="17%" right-margin="0.0" top-margin="55%" type="image" vertical-alignment="top" width="24.%">
		<ComponentValues darkColor="1" lightColor="3"/>
	</Component>
	<Component bottom-margin="0.0" height="8%" horizontal-alignment="left" left-margin="-24%" right-margin="0.0" top-margin="84.9%" type="label" vertical-alignment="top" width="18.%">
		<ComponentValues Line="2" darkColor="1" lightColor="3"/>
	</Component>
	<Component bottom-margin="0.0" height="25%" horizontal-alignment="left" left-margin="16.9%" right-margin="0.0" top-margin="55%" type="image" vertical-alignment="top" width="24.%">
		<ComponentValues darkColor="1" lightColor="3"/>
	</Component>
	<Component bottom-margin="0.0" height="8%" horizontal-alignment="left" left-margin="-24%" right-margin="0.0" top-margin="84.9%" type="label" vertical-alignment="top" width="18.%">
		<ComponentValues Line="2" darkColor="1" lightColor="3"/>
	</Component>
</FlowLayout>