<?xml version="1.0" encoding="UTF-8"?>
<FlowLayout bottom-margin="0.0" even="false" height="100.0%" horizontal="false" horizontal-alignment="left" left-margin="0.0" right-margin="0.0" top-margin="0.0" vertical-alignment="top" width="100.0%">
	<Component bottom-margin="0.0" height="57%" horizontal-alignment="left" left-margin="%" right-margin="0.0" top-margin="2%" type="image" vertical-alignment="top" width="100%">
		<ComponentValues lightColor="3"/>
	</Component>
	<Component bottom-margin="0.0" height="6%" horizontal-alignment="left" left-margin="43%" right-margin="0.0" top-margin="1.5%" type="label" vertical-alignment="top" width="14%">
		<ComponentValues darkColor="1" lightColor="3"/>
	</Component>
	<Component bottom-margin="0.0" height="6%" horizontal-alignment="left" left-margin="33%" right-margin="0.0" top-margin="1.5%" type="label" vertical-alignment="top" width="34%">
		<ComponentValues darkColor="4" lightColor="1"/>
	</Component>
	<Component bottom-margin="0.0" height="9%" horizontal-alignment="left" left-margin="38%" right-margin="0.0" top-margin="4%" type="label" vertical-alignment="top" width="24%">
		<ComponentValues Line="2" darkColor="1" lightColor="3"/>
	</Component>
	<Component bottom-margin="0.0" height="8%" horizontal-alignment="left" left-margin="40%" right-margin="0.0" top-margin="2%" type="image" vertical-alignment="top" width="20.3%"/>
</FlowLayout>