<?xml version="1.0" encoding="UTF-8"?>
<FlowLayout bottom-margin="0.0" even="false" height="100.0%" horizontal="false" horizontal-alignment="left" left-margin="0.0" right-margin="0.0" top-margin="0.0" vertical-alignment="top" width="100.0%">
	<Component bottom-margin="0.0" height="18%" horizontal-alignment="left" left-margin="7.5%" right-margin="0.0" top-margin="3%" type="image" vertical-alignment="top" width="29%">
		<ComponentValues darkColor="1"/>
	</Component>
	<Component bottom-margin="0.0" height="4%" horizontal-alignment="left" left-margin="39%" right-margin="0.0" top-margin="-13.6%" type="label" vertical-alignment="top" width="55.3%">
		<ComponentValues darkColor="4" lightColor="1"/>
	</Component>
	<Component bottom-margin="0.0" height="5%" horizontal-alignment="left" left-margin="40%" right-margin="0.0" top-margin="1%" type="label" vertical-alignment="top" width="41%">
		<ComponentValues Line="2" darkColor="1" lightColor="3"/>
	</Component>
	<Component bottom-margin="0.0" height="36%" horizontal-alignment="left" left-margin="5%" right-margin="0.0" top-margin="6%" type="image" vertical-alignment="top" width="90%"/>
	<Component bottom-margin="0.0" height="36%" horizontal-alignment="left" left-margin="5%" right-margin="0.0" top-margin="2%" type="image" vertical-alignment="top" width="90%"/>
</FlowLayout>