<?xml version="1.0" encoding="UTF-8"?>
<FlowLayout bottom-margin="0.0" even="false" height="100.0%" horizontal="true" horizontal-alignment="left" left-margin="0.0" right-margin="0.0" top-margin="0.0" vertical-alignment="top" width="100.0%">
	<Component bottom-margin="0.0" height="4.0%" horizontal-alignment="left" left-margin="34.%" right-margin="0.0" top-margin="7%" type="label" vertical-alignment="top" width="32.5%">
		<ComponentValues darkColor="4" lightColor="1"/>
	</Component>
	<Component bottom-margin="0.0" height="8%" horizontal-alignment="left" left-margin="-28.4%" right-margin="0.0" top-margin="16%" type="label" vertical-alignment="top" width="24.5%">
		<ComponentValues Line="2" darkColor="1" lightColor="3"/>
	</Component>
	<Component bottom-margin="0.0" height="38%" horizontal-alignment="left" left-margin="-59.8%" right-margin="0.0" top-margin="34.0%" type="image" vertical-alignment="top" width="24%">
		<ComponentValues darkColor="1" lightColor="3"/>
	</Component>
	<Component bottom-margin="0.0" height="3.9%" horizontal-alignment="left" left-margin="-23.9%" right-margin="0.0" top-margin="76.7%" type="label" vertical-alignment="top" width="24%">
		<ComponentValues darkColor="4" lightColor="1"/>
	</Component>
	<Component bottom-margin="0.0" height="7%" horizontal-alignment="left" left-margin="-24%" right-margin="0.0" top-margin="86.0%" type="label" vertical-alignment="top" width="18%">
		<ComponentValues Line="2" darkColor="1" lightColor="3"/>
	</Component>
	<Component bottom-margin="0.0" height="38%" horizontal-alignment="left" left-margin="17.3%" right-margin="0.0" top-margin="34.0%" type="image" vertical-alignment="top" width="24%">
		<ComponentValues darkColor="1" lightColor="3"/>
	</Component>
	<Component bottom-margin="0.0" height="3.9%" horizontal-alignment="left" left-margin="-23.9%" right-margin="0.0" top-margin="76.7%" type="label" vertical-alignment="top" width="24%">
		<ComponentValues darkColor="4" lightColor="1"/>
	</Component>
	<Component bottom-margin="0.0" height="7%" horizontal-alignment="left" left-margin="-24%" right-margin="0.0" top-margin="86.0%" type="label" vertical-alignment="top" width="18%">
		<ComponentValues Line="2" darkColor="1" lightColor="3"/>
	</Component>
	<Component bottom-margin="0.0" height="38%" horizontal-alignment="left" left-margin="17.3%" right-margin="0.0" top-margin="34.0%" type="image" vertical-alignment="top" width="24%">
		<ComponentValues darkColor="1" lightColor="3"/>
	</Component>
	<Component bottom-margin="0.0" height="3.9%" horizontal-alignment="left" left-margin="-23.9%" right-margin="0.0" top-margin="76.7%" type="label" vertical-alignment="top" width="24%">
		<ComponentValues darkColor="4" lightColor="1"/>
	</Component>
	<Component bottom-margin="0.0" height="7%" horizontal-alignment="left" left-margin="-24%" right-margin="0.0" top-margin="86.0%" type="label" vertical-alignment="top" width="18%">
		<ComponentValues Line="2" darkColor="1" lightColor="3"/>
	</Component>
</FlowLayout>