<?xml version="1.0" encoding="UTF-8"?>
<FlowLayout bottom-margin="0.0" even="false" height="100.0%" horizontal="true" horizontal-alignment="left" left-margin="0.0" right-margin="0.0" top-margin="0.0" vertical-alignment="top" width="100.0%">
	<FlowLayout bottom-margin="0.0" even="false" height="100.0%" horizontal="true" horizontal-alignment="left" left-margin="0.0" right-margin="0.0" top-margin="0.0" vertical-alignment="top" width="26.0%">
		<Component bottom-margin="0.0" height="90.0%" horizontal-alignment="left" left-margin="10.4%" right-margin="0.0" top-margin="5%" type="image" vertical-alignment="top" width="84.5%">
			<ComponentValues darkColor="3" lightColor="5"/>
		</Component>
		<Component bottom-margin="0.0" height="19%" horizontal-alignment="left" left-margin="-62%" right-margin="0.0" top-margin="11%" type="image" vertical-alignment="top" width="38.%">
			<ComponentValues darkColor="1" imageType="circle" lightColor="3"/>
		</Component>
		<Component bottom-margin="0.0" height="3%" horizontal-alignment="left" left-margin="-31.9%" right-margin="0.0" top-margin="36.0%" type="label" vertical-alignment="top" width="27.%">
			<ComponentValues darkColor="1" lightColor="3"/>
		</Component>
		<Component bottom-margin="0.0" height="3%" horizontal-alignment="left" left-margin="-26.9%" right-margin="0.0" top-margin="46.7%" type="label" vertical-alignment="top" width="27.%">
			<ComponentValues darkColor="1" lightColor="3"/>
		</Component>
		<Component bottom-margin="0.0" height="3%" horizontal-alignment="left" left-margin="-26.9%" right-margin="0.0" top-margin="56.7%" type="label" vertical-alignment="top" width="27.%">
			<ComponentValues darkColor="1" lightColor="3"/>
		</Component>
		<Component bottom-margin="0.0" height="3%" horizontal-alignment="left" left-margin="-26.9%" right-margin="0.0" top-margin="66.7%" type="label" vertical-alignment="top" width="27.%">
			<ComponentValues darkColor="1" lightColor="3"/>
		</Component>
		<Component bottom-margin="0.0" height="3%" horizontal-alignment="left" left-margin="-26.9%" right-margin="0.0" top-margin="76.7%" type="label" vertical-alignment="top" width="27.%">
			<ComponentValues darkColor="1" lightColor="3"/>
		</Component>
		<Component bottom-margin="0.0" height="3%" horizontal-alignment="left" left-margin="-26.9%" right-margin="0.0" top-margin="86.7%" type="label" vertical-alignment="top" width="27.%">
			<ComponentValues darkColor="1" lightColor="3"/>
		</Component>
	</FlowLayout>
	<FlowLayout bottom-margin="0.0" even="false" height="100.0%" horizontal="true" horizontal-alignment="left" left-margin="0.0" right-margin="0.0" top-margin="0.0" vertical-alignment="top" width="73.9%">
		<Component bottom-margin="0.0" height="9.0%" horizontal-alignment="left" left-margin="1.%" right-margin="0.0" top-margin="5%" type="image" vertical-alignment="top" width="96.5%">
			<ComponentValues darkColor="1" lightColor="3"/>
		</Component>
		<Component bottom-margin="0.0" height="37%" horizontal-alignment="left" left-margin="-95.9%" right-margin="0.0" top-margin="18.0%" type="image" vertical-alignment="top" width="46.4%">
			<ComponentValues darkColor="1" lightColor="3"/>
		</Component>
		<Component bottom-margin="0.0" height="37%" horizontal-alignment="left" left-margin="2.9%" right-margin="0.0" top-margin="18.0%" type="image" vertical-alignment="top" width="46.4%">
			<ComponentValues darkColor="1" lightColor="3"/>
		</Component>
		<Component bottom-margin="0.0" height="37%" horizontal-alignment="left" left-margin="-95.9%" right-margin="0.0" top-margin="59.0%" type="image" vertical-alignment="top" width="46.4%">
			<ComponentValues lightColor="3"/>
		</Component>
		<Component bottom-margin="0.0" height="37%" horizontal-alignment="left" left-margin="2.9%" right-margin="0.0" top-margin="59.0%" type="image" vertical-alignment="top" width="46.4%">
			<ComponentValues lightColor="3"/>
		</Component>
	</FlowLayout>
</FlowLayout>