<?xml version="1.0" encoding="UTF-8"?>
<FlowLayout bottom-margin="0.0" even="false" height="100.0%" horizontal="true" horizontal-alignment="left" left-margin="0.0" right-margin="0.0" top-margin="0.0" vertical-alignment="top" width="100.0%">
	<Component bottom-margin="0.0" height="4.0%" horizontal-alignment="center" left-margin="5.5%" right-margin="0.0" top-margin="42.0%" type="label" vertical-alignment="top" width="32.5%">
		<ComponentValues lightColor="1"/>
	</Component>
	<Component bottom-margin="0.0" height="9%" horizontal-alignment="center" left-margin="-32%" right-margin="0.0" top-margin="50.0%" type="label" vertical-alignment="top" width="23.5%">
		<ComponentValues Line="2" lightColor="3"/>
	</Component>
	<Component bottom-margin="0.0" height="90%" horizontal-alignment="center" left-margin="17%" right-margin="0.0" top-margin="5.0%" type="image" vertical-alignment="top" width="51%">
		<ComponentValues darkColor="1" lightColor="3"/>
	</Component>
</FlowLayout>