<?xml version="1.0" encoding="UTF-8"?>
<FlowLayout bottom-margin="0.0" even="false" height="100.0%" horizontal="false" horizontal-alignment="left" left-margin="0.0" right-margin="0.0" top-margin="0.0" vertical-alignment="top" width="100.0%">
	<Component bottom-margin="0.0" height="23%" horizontal-alignment="left" left-margin="32.5%" right-margin="0.0" top-margin="26%" type="image" vertical-alignment="top" width="35.3%"/>
	<Component bottom-margin="0.0" height="5%" horizontal-alignment="left" left-margin="25%" right-margin="0.0" top-margin="2%" type="label" vertical-alignment="top" width="51%">
		<ComponentValues darkColor="4" lightColor="1"/>
	</Component>
	<Component bottom-margin="0.0" height="5%" horizontal-alignment="left" left-margin="30%" right-margin="0.0" top-margin="1%" type="label" vertical-alignment="top" width="41%">
		<ComponentValues Line="2" darkColor="1" lightColor="3"/>
	</Component>
	<Component bottom-margin="0.0" height="11%" horizontal-alignment="left" left-margin="10%" right-margin="0.0" top-margin="2%" type="image" vertical-alignment="top" width="39.3%"/>
	<Component bottom-margin="0.0" height="11%" horizontal-alignment="left" left-margin="51%" right-margin="0.0" top-margin="-11%" type="image" vertical-alignment="top" width="39.3%"/>
</FlowLayout>