<?xml version="1.0" encoding="UTF-8"?>
<FlowLayout bottom-margin="0.0" even="false" height="100.0%" horizontal="false" horizontal-alignment="left" left-margin="0.0" right-margin="0.0" top-margin="0.0" vertical-alignment="top" width="100.0%">
	<Component bottom-margin="0.0" height="45%" horizontal-alignment="center" left-margin="12.0%" right-margin="0.0" top-margin="3.0%" type="image" vertical-alignment="top" width="26%">
		<ComponentValues lightColor="1"/>
	</Component>
	<Component bottom-margin="0.0" height="45%" horizontal-alignment="center" left-margin="12.0%" right-margin="0.0" top-margin="3.0%" type="image" vertical-alignment="top" width="26%">
		<ComponentValues lightColor="3"/>
	</Component>
	<Component bottom-margin="0.0" height="45%" horizontal-alignment="center" left-margin="62.0%" right-margin="0.0" top-margin="-93.0%" type="image" vertical-alignment="top" width="26%">
		<ComponentValues lightColor="3"/>
	</Component>
	<Component bottom-margin="0.0" height="45%" horizontal-alignment="center" left-margin="62.0%" right-margin="0.0" top-margin="5.0%" type="image" vertical-alignment="top" width="26%">
		<ComponentValues darkColor="4" lightColor="1"/>
	</Component>
</FlowLayout>