<?xml version="1.0" encoding="UTF-8"?>
<FlowLayout bottom-margin="0.0" even="false" height="100.0%" horizontal="true" horizontal-alignment="left" left-margin="0.0" right-margin="0.0" top-margin="0.0" vertical-alignment="top" width="100.0%">
	<Component bottom-margin="0.0" height="4%" horizontal-alignment="left" left-margin="7%" right-margin="0.0" top-margin="8.6%" type="label" vertical-alignment="top" width="32.7%">
		<ComponentValues darkColor="4" lightColor="1"/>
	</Component>
	<Component bottom-margin="0.0" height="9%" horizontal-alignment="left" left-margin="-32%" right-margin="0.0" top-margin="16.6%" type="label" vertical-alignment="top" width="23.7%">
		<ComponentValues darkColor="1" lightColor="3"/>
	</Component>
	<Component bottom-margin="0.0" height="12%" horizontal-alignment="left" left-margin="-24.5%" right-margin="0.0" top-margin="31%" type="text-field" vertical-alignment="top" width="42.1%">
		<ComponentValues darkRGB="-7960954" lightRGB="-1"/>
	</Component>
	<Component bottom-margin="0.0" height="12%" horizontal-alignment="left" left-margin="3.8%" right-margin="0.0" top-margin="31%" type="text-field" vertical-alignment="top" width="42.1%">
		<ComponentValues darkColor="1" lightRGB="-1"/>
	</Component>
	<Component bottom-margin="0.0" height="36%" horizontal-alignment="left" left-margin="-87.7%" right-margin="0.0" top-margin="46%" type="text-field" vertical-alignment="top" width="87%">
		<ComponentValues darkColor="1" lightRGB="-1"/>
	</Component>
	<Component bottom-margin="0.0" height="11%" horizontal-alignment="left" left-margin="-19.7%" right-margin="0.0" top-margin="85%" type="button" vertical-alignment="top" width="20%">
		<ComponentValues darkColor="0" lightColor="0"/>
	</Component>
</FlowLayout>