<?xml version="1.0" encoding="UTF-8"?>
<FlowLayout bottom-margin="0.0" even="false" height="100.0%" horizontal="false" horizontal-alignment="left" left-margin="0.0" right-margin="0.0" top-margin="0.0" vertical-alignment="top" width="100.0%">
	<Component bottom-margin="0.0" height="18%" horizontal-alignment="left" left-margin="5%" right-margin="0.0" top-margin="5%" type="image" vertical-alignment="top" width="30%"/>
	<Component bottom-margin="0.0" height="20" horizontal-alignment="left" left-margin="40%" right-margin="0.0" top-margin="-15%" type="label" vertical-alignment="top" width="32%">
		<ComponentValues darkColor="4" lightColor="1"/>
	</Component>
	<Component bottom-margin="0.0" height="4%" horizontal-alignment="left" left-margin="40%" right-margin="0.0" top-margin="1%" type="label" vertical-alignment="top" width="24.3%">
		<ComponentValues Line="2" darkColor="1" lightColor="3"/>
	</Component>
	<Component bottom-margin="0.0" height="10%" horizontal-alignment="left" left-margin="79%" right-margin="0.0" top-margin="-9.5%" type="image" vertical-alignment="top" width="15%">
		<ComponentValues lightColor="3"/>
	</Component>
	<Component bottom-margin="0.0" height="18%" horizontal-alignment="left" left-margin="5%" right-margin="0.0" top-margin="6%" type="image" vertical-alignment="top" width="30%"/>
	<Component bottom-margin="0.0" height="20" horizontal-alignment="left" left-margin="40%" right-margin="0.0" top-margin="-15%" type="label" vertical-alignment="top" width="32%">
		<ComponentValues darkColor="4" lightColor="1"/>
	</Component>
	<Component bottom-margin="0.0" height="4%" horizontal-alignment="left" left-margin="40%" right-margin="0.0" top-margin="1.5%" type="label" vertical-alignment="top" width="24.3%">
		<ComponentValues Line="2" darkColor="1" lightColor="3"/>
	</Component>
	<Component bottom-margin="0.0" height="10%" horizontal-alignment="left" left-margin="79%" right-margin="0.0" top-margin="-8.9%" type="image" vertical-alignment="top" width="15%">
		<ComponentValues lightColor="3"/>
	</Component>
	<Component bottom-margin="0.0" height="18%" horizontal-alignment="left" left-margin="5%" right-margin="0.0" top-margin="5%" type="image" vertical-alignment="top" width="30%"/>
	<Component bottom-margin="0.0" height="20" horizontal-alignment="left" left-margin="40%" right-margin="0.0" top-margin="-15%" type="label" vertical-alignment="top" width="32%">
		<ComponentValues lightColor="1"/>
	</Component>
	<Component bottom-margin="0.0" height="4%" horizontal-alignment="left" left-margin="40%" right-margin="0.0" top-margin="1%" type="label" vertical-alignment="top" width="24.3%">
		<ComponentValues Line="2" darkColor="4" lightColor="3"/>
	</Component>
	<Component bottom-margin="0.0" height="10%" horizontal-alignment="left" left-margin="79%" right-margin="0.0" top-margin="-8.%" type="image" vertical-alignment="top" width="15%">
		<ComponentValues lightColor="3"/>
	</Component>
	<Component bottom-margin="0.0" height="18%" horizontal-alignment="left" left-margin="5%" right-margin="0.0" top-margin="6%" type="image" vertical-alignment="top" width="30%"/>
	<Component bottom-margin="0.0" height="20" horizontal-alignment="left" left-margin="40%" right-margin="0.0" top-margin="-15%" type="label" vertical-alignment="top" width="32%">
		<ComponentValues lightColor="1"/>
	</Component>
	<Component bottom-margin="0.0" height="4%" horizontal-alignment="left" left-margin="40%" right-margin="0.0" top-margin="1%" type="label" vertical-alignment="top" width="24.3%">
		<ComponentValues Line="2" darkColor="4" lightColor="3"/>
	</Component>
	<Component bottom-margin="0.0" height="10%" horizontal-alignment="left" left-margin="79%" right-margin="0.0" top-margin="-9%" type="image" vertical-alignment="top" width="15%">
		<ComponentValues darkColor="1" lightColor="3"/>
	</Component>
	<Component bottom-margin="0.0" height="9%" horizontal-alignment="left" left-margin="13%" right-margin="0.0" top-margin="8%" type="button" vertical-alignment="top" width="36.3%">
		<ComponentValues darkColor="1" lightColor="3"/>
	</Component>
	<Component bottom-margin="0.0" height="9%" horizontal-alignment="left" left-margin="51%" right-margin="0.0" top-margin="-9%" type="button" vertical-alignment="top" width="36.3%">
		<ComponentValues darkColor="1" lightColor="3"/>
	</Component>
</FlowLayout>