<?xml version="1.0" encoding="UTF-8"?>
<FlowLayout bottom-margin="0.0" even="false" height="100.0%" horizontal="false" horizontal-alignment="left" left-margin="0.0" right-margin="0.0" top-margin="0.0" vertical-alignment="top" width="100.0%">
	<Component bottom-margin="0.0" height="60.0%" horizontal-alignment="left" left-margin="7%" right-margin="0.0" top-margin="8%" type="image" vertical-alignment="top" width="86.7%">
		<ComponentValues darkColor="1" lightColor="3"/>
	</Component>
	<Component bottom-margin="0.0" height="4.0%" horizontal-alignment="left" left-margin="6.9%" right-margin="0.0" top-margin="6.%" type="label" vertical-alignment="top" width="24.5%">
		<ComponentValues lightColor="1"/>
	</Component>
	<Component bottom-margin="0.0" height="7.0%" horizontal-alignment="left" left-margin="9.9%" right-margin="0.0" top-margin="5.%" type="label" vertical-alignment="top" width="18%">
		<ComponentValues Line="2" lightColor="3"/>
	</Component>
	<Component bottom-margin="0.0" height="4.0%" horizontal-alignment="left" left-margin="38%" right-margin="0.0" top-margin="-16.%" type="label" vertical-alignment="top" width="24.34%">
		<ComponentValues lightColor="1"/>
	</Component>
	<Component bottom-margin="0.0" height="7.0%" horizontal-alignment="left" left-margin="41.3%" right-margin="0.0" top-margin="5.%" type="label" vertical-alignment="top" width="18%">
		<ComponentValues Line="2" lightColor="3"/>
	</Component>
	<Component bottom-margin="0.0" height="4.0%" horizontal-alignment="left" left-margin="69%" right-margin="0.0" top-margin="-16.%" type="label" vertical-alignment="top" width="24.5%">
		<ComponentValues lightColor="1"/>
	</Component>
	<Component bottom-margin="0.0" height="7.0%" horizontal-alignment="left" left-margin="72.3%" right-margin="0.0" top-margin="5.%" type="label" vertical-alignment="top" width="18%">
		<ComponentValues Line="2" lightColor="3"/>
	</Component>
</FlowLayout>