<?xml version="1.0" encoding="UTF-8"?>
<FlowLayout bottom-margin="0.0" even="false" height="100.0%" horizontal="false" horizontal-alignment="left" left-margin="0.0" right-margin="0.0" top-margin="0.0" vertical-alignment="top" width="100.0%">
	<Component bottom-margin="0.0" height="18%" horizontal-alignment="left" left-margin="35.5%" right-margin="0.0" top-margin="3%" type="image" vertical-alignment="top" width="29%"/>
	<Component bottom-margin="0.0" height="4%" horizontal-alignment="left" left-margin="23%" right-margin="0.0" top-margin="2.9%" type="label" vertical-alignment="top" width="55.3%">
		<ComponentValues darkColor="4" lightColor="1"/>
	</Component>
	<Component bottom-margin="0.0" height="5%" horizontal-alignment="left" left-margin="30%" right-margin="0.0" top-margin="1%" type="label" vertical-alignment="top" width="41%">
		<ComponentValues Line="2" darkColor="1" lightColor="3"/>
	</Component>
	<Component bottom-margin="0.0" height="11%" horizontal-alignment="left" left-margin="6%" right-margin="0.0" top-margin="7%" type="image" vertical-alignment="top" width="18.3%">
		<ComponentValues darkColor="1" imageType="circle" lightColor="3"/>
	</Component>
	<Component bottom-margin="0.0" height="6%" horizontal-alignment="left" left-margin="29%" right-margin="0.0" top-margin="-8%" type="label" vertical-alignment="top" width="39%">
		<ComponentValues Line="2" darkColor="1" lightColor="3"/>
	</Component>
	<Component bottom-margin="0.0" height="11%" horizontal-alignment="left" left-margin="6%" right-margin="0.0" top-margin="5.5%" type="image" vertical-alignment="top" width="18.3%">
		<ComponentValues darkColor="1" imageType="circle" lightColor="3"/>
	</Component>
	<Component bottom-margin="0.0" height="6%" horizontal-alignment="left" left-margin="29%" right-margin="0.0" top-margin="-9%" type="label" vertical-alignment="top" width="39%">
		<ComponentValues Line="2" darkColor="1" lightColor="3"/>
	</Component>
	<Component bottom-margin="0.0" height="11%" horizontal-alignment="left" left-margin="6%" right-margin="0.0" top-margin="5.5%" type="image" vertical-alignment="top" width="18.3%">
		<ComponentValues darkColor="1" imageType="circle" lightColor="3"/>
	</Component>
	<Component bottom-margin="0.0" height="6%" horizontal-alignment="left" left-margin="29%" right-margin="0.0" top-margin="-9%" type="label" vertical-alignment="top" width="39%">
		<ComponentValues Line="2" darkColor="1" lightColor="3"/>
	</Component>
	<Component bottom-margin="0.0" height="9%" horizontal-alignment="left" left-margin="11%" right-margin="0.0" top-margin="10%" type="button" vertical-alignment="top" width="77.3%">
		<ComponentValues darkColor="0" lightColor="0"/>
	</Component>
</FlowLayout>