<?xml version="1.0" encoding="UTF-8"?>
<FlowLayout bottom-margin="0.0" even="false" height="100.0%" horizontal="false" horizontal-alignment="left" left-margin="0.0" right-margin="0.0" top-margin="0.0" vertical-alignment="top" width="100.0%">
	<FlowLayout bottom-margin="0.0" even="false" height="10.0%" horizontal="false" horizontal-alignment="left" left-margin="0.0" right-margin="0.0" top-margin="0.0" vertical-alignment="top" width="100.0%">
		<Component bottom-margin="0.0" height="53%" horizontal-alignment="left" left-margin="%" right-margin="0.0" top-margin="35%" type="image" vertical-alignment="top" width="100%"/>
	</FlowLayout>
	<FlowLayout bottom-margin="0.0" even="false" height="90.0%" horizontal="true" horizontal-alignment="left" left-margin="0.0" right-margin="0.0" top-margin="0.0" vertical-alignment="top" width="100.0%">
		<Component bottom-margin="0.0" height="47%" horizontal-alignment="left" left-margin="7%" right-margin="0.0" top-margin="2%" type="image" vertical-alignment="top" width="87.3%"/>
		<Component bottom-margin="0.0" height="5%" horizontal-alignment="left" left-margin="-87%" right-margin="0.0" top-margin="52%" type="label" vertical-alignment="top" width="50%">
			<ComponentValues darkColor="4" lightColor="1"/>
		</Component>
		<Component bottom-margin="0.0" height="5%" horizontal-alignment="left" left-margin="-50%" right-margin="0.0" top-margin="59%" type="label" vertical-alignment="top" width="40%">
			<ComponentValues Line="2" darkColor="1" lightColor="3"/>
		</Component>
		<Component bottom-margin="0.0" height="28%" horizontal-alignment="left" left-margin="-40%" right-margin="0.0" top-margin="68%" type="image" vertical-alignment="top" width="40%"/>
		<Component bottom-margin="0.0" height="28%" horizontal-alignment="left" left-margin="6%" right-margin="0.0" top-margin="68%" type="image" vertical-alignment="top" width="40%"/>
	</FlowLayout>
</FlowLayout>