<?xml version="1.0" encoding="UTF-8"?>
<FlowLayout bottom-margin="0.0" even="false" height="100.0%" horizontal="false" horizontal-alignment="left" left-margin="0.0" right-margin="0.0" top-margin="0.0" vertical-alignment="top" width="100.0%">
	<FlowLayout bottom-margin="0.0" even="false" height="73.0%" horizontal="false" horizontal-alignment="left" left-margin="0.0" right-margin="0.0" top-margin="0.0" vertical-alignment="top" width="100.0%">
		<Component bottom-margin="0.0" height="100%" horizontal-alignment="left" left-margin="%" right-margin="0.0" top-margin="%" type="image" vertical-alignment="top" width="100%"/>
	</FlowLayout>
	<FlowLayout bottom-margin="0.0" even="false" height="27.0%" horizontal="true" horizontal-alignment="left" left-margin="0.0" right-margin="0.0" top-margin="0.0" vertical-alignment="top" width="100.0%">
		<Component bottom-margin="0.0" height="35%" horizontal-alignment="left" left-margin="12%" right-margin="0.0" top-margin="14%" type="text-input" vertical-alignment="top" width="76.3%"/>
		<Component bottom-margin="0.0" height="34%" horizontal-alignment="left" left-margin="-76%" right-margin="0.0" top-margin="52%" type="button" vertical-alignment="top" width="76.3%">
			<ComponentValues darkColor="0" lightColor="0"/>
		</Component>
	</FlowLayout>
</FlowLayout>