<?xml version="1.0" encoding="UTF-8"?>
<FlowLayout bottom-margin="0.0" even="false" height="100.0%" horizontal="false" horizontal-alignment="left" left-margin="0.0" right-margin="0.0" top-margin="0.0" vertical-alignment="top" width="100.0%">
	<FlowLayout bottom-margin="0.0" even="false" height="41.0%" horizontal="false" horizontal-alignment="left" left-margin="0.0" right-margin="0.0" top-margin="0.0" vertical-alignment="top" width="100.0%">
		<Component bottom-margin="0.0" height="100%" horizontal-alignment="left" left-margin="%" right-margin="0.0" top-margin="%" type="image" vertical-alignment="top" width="100%"/>
	</FlowLayout>
	<FlowLayout bottom-margin="0.0" even="false" height="67.0%" horizontal="true" horizontal-alignment="left" left-margin="0.0" right-margin="0.0" top-margin="0.0" vertical-alignment="top" width="100.0%">
		<Component bottom-margin="0.0" height="6%" horizontal-alignment="left" left-margin="25%" right-margin="0.0" top-margin="18%" type="label" vertical-alignment="top" width="51%">
			<ComponentValues darkColor="4" lightColor="1"/>
		</Component>
		<Component bottom-margin="0.0" height="8%" horizontal-alignment="left" left-margin="-45%" right-margin="0.0" top-margin="26%" type="label" vertical-alignment="top" width="40%">
			<ComponentValues Line="2" darkColor="1" lightColor="3"/>
		</Component>
		<Component bottom-margin="0.0" height="15%" horizontal-alignment="left" left-margin="-60%" right-margin="0.0" top-margin="38%" type="text-field" vertical-alignment="top" width="39%">
			<ComponentValues darkRGB="-7960954" lightRGB="-1"/>
		</Component>
		<Component bottom-margin="0.0" height="15%" horizontal-alignment="left" left-margin="1%" right-margin="0.0" top-margin="38%" type="text-field" vertical-alignment="top" width="39%">
			<ComponentValues darkRGB="-7960954" lightRGB="-1"/>
		</Component>
		<Component bottom-margin="0.0" height="14%" horizontal-alignment="left" left-margin="-78%" right-margin="0.0" top-margin="53%" type="text-field" vertical-alignment="top" width="77%">
			<ComponentValues darkRGB="-7960954" lightRGB="-1"/>
		</Component>
		<Component bottom-margin="0.0" height="14%" horizontal-alignment="left" left-margin="-77%" right-margin="0.0" top-margin="68%" type="text-field" vertical-alignment="top" width="77%">
			<ComponentValues darkColor="0" lightColor="0"/>
		</Component>
	</FlowLayout>
</FlowLayout>