<?xml version="1.0" encoding="UTF-8"?>
<FlowLayout bottom-margin="0.0" even="false" height="100.0%" horizontal="true" horizontal-alignment="left" left-margin="0.0" right-margin="0.0" top-margin="0.0" vertical-alignment="top" width="100.0%">
	<Component bottom-margin="0.0" height="4%" horizontal-alignment="left" left-margin="33.8%" right-margin="0.0" top-margin="30%" type="label" vertical-alignment="top" width="32.9%">
		<ComponentValues darkColor="4" lightColor="1"/>
	</Component>
	<Component bottom-margin="0.0" height="9%" horizontal-alignment="left" left-margin="-28.6%" right-margin="0.0" top-margin="38%" type="label" vertical-alignment="top" width="24.7%">
		<ComponentValues Line="2" darkColor="1" lightColor="3"/>
	</Component>
	<Component bottom-margin="0.0" height="11%" horizontal-alignment="left" left-margin="-53.8%" right-margin="0.0" top-margin="61%" type="text-field" vertical-alignment="top" width="59.9%">
		<ComponentValues darkColor="1" lightRGB="-1"/>
	</Component>
	<Component bottom-margin="0.0" height="12%" horizontal-alignment="left" left-margin="2.3%" right-margin="0.0" top-margin="60%" type="button" vertical-alignment="top" width="20.3%">
		<ComponentValues darkColor="0" lightColor="0"/>
	</Component>
</FlowLayout>