<?xml version="1.0" encoding="UTF-8"?>
<FlowLayout bottom-margin="0.0" even="false" height="100.0%" horizontal="false" horizontal-alignment="left" left-margin="0.0" right-margin="0.0" top-margin="0.0" vertical-alignment="top" width="100.0%">
	<FlowLayout bottom-margin="0.0" even="false" height="42.0%" horizontal="true" horizontal-alignment="left" left-margin="0.0" right-margin="0.0" top-margin="0.0" vertical-alignment="top" width="100.0%">
		<Component bottom-margin="0.0" height="10.0%" horizontal-alignment="left" left-margin="34%" right-margin="0.0" top-margin="30%" type="label" vertical-alignment="top" width="32.7%">
			<ComponentValues lightColor="1"/>
		</Component>
		<Component bottom-margin="0.0" height="20.0%" horizontal-alignment="left" left-margin="-28.4%" right-margin="0.0" top-margin="51.4%" type="label" vertical-alignment="top" width="24.5%">
			<ComponentValues Line="2" darkColor="1" lightColor="3"/>
		</Component>
	</FlowLayout>
	<FlowLayout bottom-margin="0.0" even="false" height="58.0%" horizontal="true" horizontal-alignment="left" left-margin="0.0" right-margin="0.0" top-margin="0.0" vertical-alignment="top" width="100.0%">
		<Component bottom-margin="0.0" height="10.0%" horizontal-alignment="left" left-margin="%" right-margin="0.0" top-margin="-6%" type="image" vertical-alignment="top" width="100%">
			<ComponentValues lightColor="5"/>
		</Component>
		<Component bottom-margin="0.0" height="32.0%" horizontal-alignment="left" left-margin="-88%" right-margin="0.0" top-margin="15.4%" type="image" vertical-alignment="top" width="12%">
			<ComponentValues imageType="circle" lightColor="3"/>
		</Component>
		<Component bottom-margin="0.0" height="6.0%" horizontal-alignment="left" left-margin="-17.4%" right-margin="0.0" top-margin="54.4%" type="label" vertical-alignment="top" width="24.5%">
			<ComponentValues lightColor="1"/>
		</Component>
		<Component bottom-margin="0.0" height="14.0%" horizontal-alignment="left" left-margin="-21.4%" right-margin="0.0" top-margin="69.4%" type="label" vertical-alignment="top" width="18.5%">
			<ComponentValues Line="2" lightColor="3"/>
		</Component>
		<Component bottom-margin="0.0" height="32.0%" horizontal-alignment="left" left-margin="14.3%" right-margin="0.0" top-margin="15.4%" type="image" vertical-alignment="top" width="12%">
			<ComponentValues imageType="circle" lightColor="3"/>
		</Component>
		<Component bottom-margin="0.0" height="6.0%" horizontal-alignment="left" left-margin="-17.4%" right-margin="0.0" top-margin="54.4%" type="label" vertical-alignment="top" width="24.5%">
			<ComponentValues lightColor="1"/>
		</Component>
		<Component bottom-margin="0.0" height="14.0%" horizontal-alignment="left" left-margin="-21.4%" right-margin="0.0" top-margin="69.4%" type="label" vertical-alignment="top" width="18.5%">
			<ComponentValues Line="2" lightColor="3"/>
		</Component>
		<Component bottom-margin="0.0" height="32.0%" horizontal-alignment="left" left-margin="15.8%" right-margin="0.0" top-margin="15.4%" type="image" vertical-alignment="top" width="12%">
			<ComponentValues imageType="circle" lightColor="3"/>
		</Component>
		<Component bottom-margin="0.0" height="6.0%" horizontal-alignment="left" left-margin="-17.4%" right-margin="0.0" top-margin="54.4%" type="label" vertical-alignment="top" width="24.5%">
			<ComponentValues darkColor="4" lightColor="1"/>
		</Component>
		<Component bottom-margin="0.0" height="14.0%" horizontal-alignment="left" left-margin="-21.4%" right-margin="0.0" top-margin="69.4%" type="label" vertical-alignment="top" width="18.5%">
			<ComponentValues Line="2" lightColor="3"/>
		</Component>
	</FlowLayout>
</FlowLayout>