<?xml version="1.0" encoding="UTF-8"?>
<FlowLayout bottom-margin="0.0" even="false" height="100.0%" horizontal="false" horizontal-alignment="left" left-margin="0.0" right-margin="0.0" top-margin="0.0" vertical-alignment="top" width="100.0%">
	<Component bottom-margin="0.0" height="16%" horizontal-alignment="left" left-margin="6.5%" right-margin="0.0" top-margin="2%" type="image" vertical-alignment="top" width="27.3%"/>
	<Component bottom-margin="0.0" height="3%" horizontal-alignment="left" left-margin="40%" right-margin="0.0" top-margin="-12.5%" type="label" vertical-alignment="top" width="51%">
		<ComponentValues darkColor="4" lightColor="1"/>
	</Component>
	<Component bottom-margin="0.0" height="5%" horizontal-alignment="left" left-margin="40%" right-margin="0.0" top-margin="1.5%" type="label" vertical-alignment="top" width="38%">
		<ComponentValues Line="2" darkColor="1" lightColor="3"/>
	</Component>
	<Component bottom-margin="0.0" height="16%" horizontal-alignment="left" left-margin="6.5%" right-margin="0.0" top-margin="7%" type="image" vertical-alignment="top" width="27.3%"/>
	<Component bottom-margin="0.0" height="3%" horizontal-alignment="left" left-margin="40%" right-margin="0.0" top-margin="-12.5%" type="label" vertical-alignment="top" width="51%">
		<ComponentValues darkColor="4" lightColor="1"/>
	</Component>
	<Component bottom-margin="0.0" height="5%" horizontal-alignment="left" left-margin="40%" right-margin="0.0" top-margin="1.5%" type="label" vertical-alignment="top" width="38%">
		<ComponentValues Line="2" darkColor="1" lightColor="3"/>
	</Component>
	<Component bottom-margin="0.0" height="16%" horizontal-alignment="left" left-margin="6.5%" right-margin="0.0" top-margin="7%" type="image" vertical-alignment="top" width="27.3%"/>
	<Component bottom-margin="0.0" height="3%" horizontal-alignment="left" left-margin="40%" right-margin="0.0" top-margin="-12.5%" type="label" vertical-alignment="top" width="51%">
		<ComponentValues darkColor="4" lightColor="1"/>
	</Component>
	<Component bottom-margin="0.0" height="5%" horizontal-alignment="left" left-margin="40%" right-margin="0.0" top-margin="1.5%" type="label" vertical-alignment="top" width="38%">
		<ComponentValues Line="2" darkColor="1" lightColor="3"/>
	</Component>
	<Component bottom-margin="0.0" height="16%" horizontal-alignment="left" left-margin="6.5%" right-margin="0.0" top-margin="7%" type="image" vertical-alignment="top" width="27.3%"/>
	<Component bottom-margin="0.0" height="3%" horizontal-alignment="left" left-margin="40%" right-margin="0.0" top-margin="-12.5%" type="label" vertical-alignment="top" width="51%">
		<ComponentValues darkColor="4" lightColor="1"/>
	</Component>
	<Component bottom-margin="0.0" height="5%" horizontal-alignment="left" left-margin="40%" right-margin="0.0" top-margin="1.5%" type="label" vertical-alignment="top" width="38%">
		<ComponentValues Line="2" darkColor="1" lightColor="3"/>
	</Component>
	<Component bottom-margin="0.0" height="16%" horizontal-alignment="left" left-margin="6.5%" right-margin="0.0" top-margin="7%" type="image" vertical-alignment="top" width="27.3%"/>
	<Component bottom-margin="0.0" height="3%" horizontal-alignment="left" left-margin="40%" right-margin="0.0" top-margin="-12.5%" type="label" vertical-alignment="top" width="51%">
		<ComponentValues darkColor="4" lightColor="1"/>
	</Component>
	<Component bottom-margin="0.0" height="5%" horizontal-alignment="left" left-margin="40%" right-margin="0.0" top-margin="1.5%" type="label" vertical-alignment="top" width="38%">
		<ComponentValues Line="2" darkColor="1" lightColor="3"/>
	</Component>
</FlowLayout>