<?xml version="1.0" encoding="UTF-8"?>
<FlowLayout bottom-margin="0.0" even="false" height="100.0%" horizontal="false" horizontal-alignment="left" left-margin="0.0" right-margin="0.0" top-margin="0.0" vertical-alignment="top" width="100.0%">
	<Component bottom-margin="0.0" height="40%" horizontal-alignment="left" left-margin="13.5%" right-margin="0.0" top-margin="19%" type="image" vertical-alignment="top" width="33%">
		<ComponentValues lightColor="3"/>
	</Component>
	<Component bottom-margin="0.0" height="5%" horizontal-alignment="left" left-margin="13.5%" right-margin="0.0" top-margin="4%" type="label" vertical-alignment="top" width="33%">
		<ComponentValues darkColor="4" lightColor="1"/>
	</Component>
	<Component bottom-margin="0.0" height="10%" horizontal-alignment="left" left-margin="13.5%" right-margin="0.0" top-margin="3%" type="label" vertical-alignment="top" width="25.3%">
		<ComponentValues Line="2" darkColor="1" lightColor="3"/>
	</Component>
	<Component bottom-margin="0.0" height="40%" horizontal-alignment="left" left-margin="53.5%" right-margin="0.0" top-margin="-62%" type="image" vertical-alignment="top" width="33%">
		<ComponentValues lightColor="3"/>
	</Component>
	<Component bottom-margin="0.0" height="5%" horizontal-alignment="left" left-margin="53.5%" right-margin="0.0" top-margin="4%" type="label" vertical-alignment="top" width="33%">
		<ComponentValues darkColor="4" lightColor="1"/>
	</Component>
	<Component bottom-margin="0.0" height="10%" horizontal-alignment="left" left-margin="53.5%" right-margin="0.0" top-margin="3%" type="label" vertical-alignment="top" width="25.3%">
		<ComponentValues Line="2" darkColor="1" lightColor="3"/>
	</Component>
	<Component bottom-margin="0.0" height="14%" horizontal-alignment="left" left-margin="3.5%" right-margin="0.0" top-margin="-37%" type="image" vertical-alignment="top" width="7.3%"/>
	<Component bottom-margin="0.0" height="14%" horizontal-alignment="left" left-margin="89.5%" right-margin="0.0" top-margin="-14%" type="image" vertical-alignment="top" width="7.3%"/>
</FlowLayout>