<?xml version="1.0" encoding="UTF-8"?>
<FlowLayout bottom-margin="0.0" even="false" height="100.0%" horizontal="false" horizontal-alignment="left" left-margin="0.0" right-margin="0.0" top-margin="0.0" vertical-alignment="top" width="100.0%">
	<FlowLayout bottom-margin="0.0" even="false" height="73.0%" horizontal="false" horizontal-alignment="left" left-margin="0.0" right-margin="0.0" top-margin="0.0" vertical-alignment="top" width="100.0%">
		<Component bottom-margin="0.0" height="100%" horizontal-alignment="left" left-margin="%" right-margin="0.0" top-margin="%" type="image" vertical-alignment="top" width="100%"/>
	</FlowLayout>
	<FlowLayout bottom-margin="0.0" even="false" height="27.0%" horizontal="true" horizontal-alignment="left" left-margin="0.0" right-margin="0.0" top-margin="0.0" vertical-alignment="top" width="100.0%">
		<Component bottom-margin="0.0" height="10%" horizontal-alignment="left" left-margin="25%" right-margin="0.0" top-margin="15.4%" type="label" vertical-alignment="top" width="51%">
			<ComponentValues darkColor="4" lightColor="1"/>
		</Component>
		<Component bottom-margin="0.0" height="16%" horizontal-alignment="left" left-margin="-45%" right-margin="0.0" top-margin="34%" type="label" vertical-alignment="top" width="40.3%">
			<ComponentValues Line="2" darkColor="1" lightColor="3"/>
		</Component>
		<Component bottom-margin="0.0" height="16.4%" horizontal-alignment="left" left-margin="-65%" right-margin="0.0" top-margin="67%" type="image" vertical-alignment="top" width="25%">
			<ComponentValues Line="2" darkColor="1" lightColor="3"/>
		</Component>
		<Component bottom-margin="0.0" height="16.4%" horizontal-alignment="left" left-margin="6.5%" right-margin="0.0" top-margin="67%" type="image" vertical-alignment="top" width="25%">
			<ComponentValues Line="2" darkColor="1" lightColor="3"/>
		</Component>
		<Component bottom-margin="0.0" height="16.4%" horizontal-alignment="left" left-margin="6.5%" right-margin="0.0" top-margin="67%" type="image" vertical-alignment="top" width="25%">
			<ComponentValues Line="2" darkColor="1" lightColor="3"/>
		</Component>
	</FlowLayout>
</FlowLayout>