<?xml version="1.0" encoding="UTF-8"?>
<FlowLayout bottom-margin="0.0" even="false" height="100.0%" horizontal="true" horizontal-alignment="left" left-margin="0.0" right-margin="0.0" top-margin="0.0" vertical-alignment="top" width="100.0%">
	<Component bottom-margin="0.0" height="60%" horizontal-alignment="left" left-margin="0%" right-margin="0.0" top-margin="0%" type="image" vertical-alignment="top" width="100.7%">
		<ComponentValues darkColor="1" lightColor="3"/>
	</Component>
	<Component bottom-margin="0.0" height="12%" horizontal-alignment="left" left-margin="-94%" right-margin="0.0" top-margin="64%" type="text-field" vertical-alignment="top" width="28.7%">
		<ComponentValues darkColor="1" lightRGB="-1"/>
	</Component>
	<Component bottom-margin="0.0" height="12%" horizontal-alignment="left" left-margin="1%" right-margin="0.0" top-margin="64.%" type="text-field" vertical-alignment="top" width="27.7%">
		<ComponentValues darkColor="1" lightRGB="-1"/>
	</Component>
	<Component bottom-margin="0.0" height="12%" horizontal-alignment="left" left-margin="2%" right-margin="0.0" top-margin="64%" type="text-field" vertical-alignment="top" width="28%">
		<ComponentValues darkColor="1" lightRGB="-1"/>
	</Component>
	<Component bottom-margin="0.0" height="11%" horizontal-alignment="left" left-margin="-19.8%" right-margin="0.0" top-margin="79.9%" type="button" vertical-alignment="top" width="20%">
		<ComponentValues darkColor="0" lightColor="0"/>
	</Component>
</FlowLayout>