<?xml version="1.0" encoding="UTF-8"?>
<FlowLayout bottom-margin="0.0" even="false" height="100.0%" horizontal="false" horizontal-alignment="left" left-margin="0.0" right-margin="0.0" top-margin="0.0" vertical-alignment="top" width="100.0%">
	<Component bottom-margin="0.0" height="94%" horizontal-alignment="left" left-margin="2%" right-margin="0.0" top-margin="3%" type="image" vertical-alignment="top" width="51.7%">
		<ComponentValues darkColor="1" lightColor="3"/>
	</Component>
	<Component bottom-margin="0.0" height="18%" horizontal-alignment="left" left-margin="57%" right-margin="0.0" top-margin="-82%" type="image" vertical-alignment="top" width="9.7%">
		<ComponentValues darkColor="1" imageType="circle" lightColor="3"/>
	</Component>
	<Component bottom-margin="0.0" height="6%" horizontal-alignment="left" left-margin="69%" right-margin="0.0" top-margin="-18%" type="label" vertical-alignment="top" width="23.9%">
		<ComponentValues darkColor="4" lightColor="1"/>
	</Component>
	<Component bottom-margin="0.0" height="9.5%" horizontal-alignment="left" left-margin="69%" right-margin="0.0" top-margin="2%" type="label" vertical-alignment="top" width="17.7%">
		<ComponentValues Line="2" darkColor="1" lightColor="3"/>
	</Component>
	<Component bottom-margin="0.0" height="18%" horizontal-alignment="left" left-margin="57%" right-margin="0.0" top-margin="8.5%" type="image" vertical-alignment="top" width="9.7%">
		<ComponentValues darkColor="1" imageType="circle" lightColor="3"/>
	</Component>
	<Component bottom-margin="0.0" height="6%" horizontal-alignment="left" left-margin="69%" right-margin="0.0" top-margin="-18%" type="label" vertical-alignment="top" width="23.9%">
		<ComponentValues darkColor="4" lightColor="1"/>
	</Component>
	<Component bottom-margin="0.0" height="9.5%" horizontal-alignment="left" left-margin="69%" right-margin="0.0" top-margin="2%" type="label" vertical-alignment="top" width="17.7%">
		<ComponentValues Line="2" darkColor="1" lightColor="3"/>
	</Component>
	<Component bottom-margin="0.0" height="18%" horizontal-alignment="left" left-margin="57%" right-margin="0.0" top-margin="8.5%" type="image" vertical-alignment="top" width="9.7%">
		<ComponentValues darkColor="1" imageType="circle" lightColor="3"/>
	</Component>
	<Component bottom-margin="0.0" height="6%" horizontal-alignment="left" left-margin="69%" right-margin="0.0" top-margin="-18%" type="label" vertical-alignment="top" width="23.9%">
		<ComponentValues darkColor="4" lightColor="1"/>
	</Component>
	<Component bottom-margin="0.0" height="9.5%" horizontal-alignment="left" left-margin="69%" right-margin="0.0" top-margin="2%" type="label" vertical-alignment="top" width="17.7%">
		<ComponentValues Line="2" darkColor="1" lightColor="3"/>
	</Component>
</FlowLayout>
