<?xml version="1.0" encoding="UTF-8"?>
<FlowLayout bottom-margin="0.0" even="false" height="100.0%" horizontal="false" horizontal-alignment="left" left-margin="0.0" right-margin="0.0" top-margin="0.0" vertical-alignment="top" width="100.0%">
	<Component bottom-margin="0.0" height="10%" horizontal-alignment="left" left-margin="41.5%" right-margin="0.0" top-margin="3.5%" type="image" vertical-alignment="top" width="18%"/>
	<Component bottom-margin="0.0" height="3%" horizontal-alignment="left" left-margin="25%" right-margin="0.0" top-margin="3%" type="label" vertical-alignment="top" width="50.3%">
		<ComponentValues darkColor="4" lightColor="1"/>
	</Component>
	<Component bottom-margin="0.0" height="6%" horizontal-alignment="left" left-margin="30.5%" right-margin="0.0" top-margin="1%" type="label" vertical-alignment="top" width="39.3%">
		<ComponentValues Line="2" darkColor="1" lightColor="3"/>
	</Component>
	<Component bottom-margin="0.0" height="3%" horizontal-alignment="left" left-margin="37.5%" right-margin="0.0" top-margin="12.5%" type="label" vertical-alignment="top" width="26%">
		<ComponentValues darkColor="1" lightColor="3"/>
	</Component>
	<Component bottom-margin="0.0" height="3%" horizontal-alignment="left" left-margin="37.5%" right-margin="0.0" top-margin="3%" type="label" vertical-alignment="top" width="26%">
		<ComponentValues darkColor="1" lightColor="3"/>
	</Component>
	<Component bottom-margin="0.0" height="3%" horizontal-alignment="left" left-margin="37.5%" right-margin="0.0" top-margin="3%" type="label" vertical-alignment="top" width="26%">
		<ComponentValues darkColor="1" lightColor="3"/>
	</Component>
	<Component bottom-margin="0.0" height="3%" horizontal-alignment="left" left-margin="37.5%" right-margin="0.0" top-margin="3%" type="label" vertical-alignment="top" width="26%">
		<ComponentValues darkColor="1" lightColor="3"/>
	</Component>
	<Component bottom-margin="0.0" height="3%" horizontal-alignment="left" left-margin="37.5%" right-margin="0.0" top-margin="3%" type="label" vertical-alignment="top" width="26%">
		<ComponentValues darkColor="1" lightColor="3"/>
	</Component>
	<Component bottom-margin="0.0" height="17%" horizontal-alignment="left" left-margin="35.5%" right-margin="0.0" top-margin="13%" type="image" vertical-alignment="top" width="30%"/>
</FlowLayout>