<?xml version="1.0" encoding="UTF-8"?>
<FlowLayout bottom-margin="0.0" even="false" height="100.0%" horizontal="false" horizontal-alignment="left" left-margin="0.0" right-margin="0.0" top-margin="0.0" vertical-alignment="top" width="100.0%">
	<FlowLayout bottom-margin="0.0" even="false" height="12.0%" horizontal="false" horizontal-alignment="left" left-margin="0.0" right-margin="0.0" top-margin="0.0" vertical-alignment="top" width="100.0%">
		<Component bottom-margin="0.0" height="80%" horizontal-alignment="left" left-margin="43%" right-margin="0.0" top-margin="20%" type="image" vertical-alignment="top" width="15%">
			<ComponentValues darkColor="1" lightColor="3"/>
		</Component>
	</FlowLayout>
	<FlowLayout bottom-margin="0.0" even="false" height="12.0%" horizontal="false" horizontal-alignment="left" left-margin="0.0" right-margin="0.0" top-margin="0.0" vertical-alignment="top" width="100.0%">
		<Component bottom-margin="0.0" height="74%" horizontal-alignment="left" left-margin="12.5%" right-margin="0.0" top-margin="13%" type="text-field" vertical-alignment="top" width="75%">
			<ComponentValues darkRGB="-7960954" lightRGB="-1"/>
		</Component>
	</FlowLayout>
	<FlowLayout bottom-margin="0.0" even="false" height="37.0%" horizontal="false" horizontal-alignment="left" left-margin="0.0" right-margin="0.0" top-margin="0.0" vertical-alignment="top" width="100.0%">
		<Component bottom-margin="0.0" height="62%" horizontal-alignment="left" left-margin="7.5%" right-margin="0.0" top-margin="6%" type="image" vertical-alignment="top" width="40%">
			<ComponentValues darkColor="1" lightColor="3"/>
		</Component>
		<Component bottom-margin="0.0" height="13%" horizontal-alignment="left" left-margin="10%" right-margin="0.0" top-margin="14%" type="label" vertical-alignment="top" width="36%">
			<ComponentValues Line="2" darkColor="1" lightColor="3"/>
		</Component>
		<Component bottom-margin="0.0" height="62%" horizontal-alignment="left" left-margin="53.5%" right-margin="0.0" top-margin="-89%" type="image" vertical-alignment="top" width="40%">
			<ComponentValues darkColor="1" lightColor="3"/>
		</Component>
		<Component bottom-margin="0.0" height="13%" horizontal-alignment="left" left-margin="55%" right-margin="0.0" top-margin="14%" type="label" vertical-alignment="top" width="36%">
			<ComponentValues Line="2" darkColor="1" lightColor="3"/>
		</Component>
	</FlowLayout>
	<FlowLayout bottom-margin="0.0" even="false" height="39.0%" horizontal="false" horizontal-alignment="left" left-margin="0.0" right-margin="0.0" top-margin="0.0" vertical-alignment="top" width="100.0%">
		<Component bottom-margin="0.0" height="62%" horizontal-alignment="left" left-margin="7.5%" right-margin="0.0" top-margin="6%" type="image" vertical-alignment="top" width="40%">
			<ComponentValues darkColor="1" lightColor="3"/>
		</Component>
		<Component bottom-margin="0.0" height="13%" horizontal-alignment="left" left-margin="10%" right-margin="0.0" top-margin="9%" type="label" vertical-alignment="top" width="36%">
			<ComponentValues Line="2" darkColor="1" lightColor="3"/>
		</Component>
		<Component bottom-margin="0.0" height="62%" horizontal-alignment="left" left-margin="53.5%" right-margin="0.0" top-margin="-84%" type="image" vertical-alignment="top" width="40%">
			<ComponentValues darkColor="1" lightColor="3"/>
		</Component>
		<Component bottom-margin="0.0" height="13%" horizontal-alignment="left" left-margin="55%" right-margin="0.0" top-margin="9%" type="label" vertical-alignment="top" width="36%">
			<ComponentValues Line="2" darkColor="1" lightColor="3"/>
		</Component>
	</FlowLayout>
</FlowLayout>