<?xml version="1.0" encoding="UTF-8"?>
<FlowLayout bottom-margin="0.0" even="false" height="100.0%" horizontal="false" horizontal-alignment="left" left-margin="0.0" right-margin="0.0" top-margin="0.0" vertical-alignment="top" width="100.0%">
	<Component bottom-margin="0.0" height="26%" horizontal-alignment="left" left-margin="2%" right-margin="0.0" top-margin="7%" type="image" vertical-alignment="top" width="25%"/>
	<Component bottom-margin="0.0" height="10%" horizontal-alignment="left" left-margin="30%" right-margin="0.0" top-margin="-17%" type="label" vertical-alignment="top" width="18%">
		<ComponentValues Line="2" darkColor="1" lightColor="3"/>
	</Component>
	<Component bottom-margin="0.0" height="26%" horizontal-alignment="left" left-margin="2%" right-margin="0.0" top-margin="12%" type="image" vertical-alignment="top" width="25%"/>
	<Component bottom-margin="0.0" height="10%" horizontal-alignment="left" left-margin="30%" right-margin="0.0" top-margin="-17%" type="label" vertical-alignment="top" width="18%">
		<ComponentValues Line="2" darkColor="1" lightColor="3"/>
	</Component>
	<Component bottom-margin="0.0" height="26%" horizontal-alignment="left" left-margin="2%" right-margin="0.0" top-margin="10%" type="image" vertical-alignment="top" width="25%"/>
	<Component bottom-margin="0.0" height="10%" horizontal-alignment="left" left-margin="30%" right-margin="0.0" top-margin="-17%" type="label" vertical-alignment="top" width="18%">
		<ComponentValues Line="2" darkColor="1" lightColor="3"/>
	</Component>--
	<Component bottom-margin="0.0" height="26%" horizontal-alignment="left" left-margin="52%" right-margin="0.0" top-margin="-79%" type="image" vertical-alignment="top" width="25%">
		<ComponentValues darkColor="1"/>
	</Component>
	<Component bottom-margin="0.0" height="10%" horizontal-alignment="left" left-margin="80%" right-margin="0.0" top-margin="-17%" type="label" vertical-alignment="top" width="18%">
		<ComponentValues Line="2" darkColor="1" lightColor="3"/>
	</Component>
	<Component bottom-margin="0.0" height="26%" horizontal-alignment="left" left-margin="52%" right-margin="0.0" top-margin="12%" type="image" vertical-alignment="top" width="25%">
		<ComponentValues darkColor="1"/>
	</Component>
	<Component bottom-margin="0.0" height="10%" horizontal-alignment="left" left-margin="80%" right-margin="0.0" top-margin="-17%" type="label" vertical-alignment="top" width="18%">
		<ComponentValues Line="2" darkColor="1" lightColor="3"/>
	</Component>
	<Component bottom-margin="0.0" height="26%" horizontal-alignment="left" left-margin="52%" right-margin="0.0" top-margin="10%" type="image" vertical-alignment="top" width="25%"/>
	<Component bottom-margin="0.0" height="10%" horizontal-alignment="left" left-margin="80%" right-margin="0.0" top-margin="-17%" type="label" vertical-alignment="top" width="18%">
		<ComponentValues Line="2" darkColor="1" lightColor="3"/>
	</Component>
</FlowLayout>