<?xml version="1.0" encoding="UTF-8"?>
<FlowLayout bottom-margin="0.0" even="false" height="100.0%" horizontal="true" horizontal-alignment="left" left-margin="0.0" right-margin="0.0" top-margin="0.0" vertical-alignment="top" width="100.0%">
	<Component bottom-margin="0.0" height="4.0%" horizontal-alignment="left" left-margin="5.4%" right-margin="0.0" top-margin="32.4%" type="label" vertical-alignment="top" width="32.5%">
		<ComponentValues lightColor="1"/>
	</Component>
	<Component bottom-margin="0.0" height="8.0%" horizontal-alignment="left" left-margin="-32.4%" right-margin="0.0" top-margin="41.4%" type="label" vertical-alignment="top" width="24.5%">
		<ComponentValues Line="2" lightColor="3"/>
	</Component>
	<Component bottom-margin="0.0" height="14%" horizontal-alignment="left" left-margin="-25.3%" right-margin="0.0" top-margin="57.0%" type="button" vertical-alignment="top" width="20.6%">
		<ComponentValues darkColor="0" lightColor="0"/>
	</Component>
	<Component bottom-margin="0.0" height="70%" horizontal-alignment="left" left-margin="30.3%" right-margin="0.0" top-margin="15.0%" type="image" vertical-alignment="top" width="39.6%">
		<ComponentValues darkColor="1" lightColor="3"/>
	</Component>
</FlowLayout>