<?xml version="1.0" encoding="UTF-8"?>
<FlowLayout bottom-margin="0.0" even="false" height="100.0%" horizontal="true" horizontal-alignment="left" left-margin="0.0" right-margin="0.0" top-margin="0.0" vertical-alignment="top" width="100.0%">
	<Component bottom-margin="0.0" height="66%" horizontal-alignment="left" left-margin="2%" right-margin="0.0" top-margin="3%" type="image" vertical-alignment="top" width="96.%">
		<ComponentValues lightColor="3"/>
	</Component>
	<Component bottom-margin="0.0" height="4%" horizontal-alignment="left" left-margin="-92.9%" right-margin="0.0" top-margin="73.0%" type="label" vertical-alignment="top" width="33.4%">
		<ComponentValues darkColor="4" lightColor="1"/>
	</Component>
	<Component bottom-margin="0.0" height="8%" horizontal-alignment="left" left-margin="-33%" right-margin="0.0" top-margin="81.9%" type="label" vertical-alignment="top" width="24.%">
		<ComponentValues Line="2" darkColor="1" lightColor="3"/>
	</Component>
	<Component bottom-margin="0.0" height="11%" horizontal-alignment="left" left-margin="48.8%" right-margin="0.0" top-margin="70.0%" type="image" vertical-alignment="top" width="19.4%"/>
</FlowLayout>