<?xml version="1.0" encoding="UTF-8"?>
<FlowLayout bottom-margin="0.0" even="false" height="100.0%" horizontal="false" horizontal-alignment="left" left-margin="0.0" right-margin="0.0" top-margin="0.0" vertical-alignment="top" width="100.0%">
	<Component bottom-margin="0.0" height="40%" horizontal-alignment="left" left-margin="11.5%" right-margin="0.0" top-margin="19%" type="image" vertical-alignment="top" width="36%">
		<ComponentValues lightColor="3"/>
	</Component>
	<Component bottom-margin="0.0" height="4%" horizontal-alignment="left" left-margin="13%" right-margin="0.0" top-margin="4%" type="label" vertical-alignment="top" width="35%">
		<ComponentValues darkColor="4" lightColor="1"/>
	</Component>
	<Component bottom-margin="0.0" height="12%" horizontal-alignment="left" left-margin="13%" right-margin="0.0" top-margin="3%" type="label" vertical-alignment="top" width="27%">
		<ComponentValues Line="2" darkColor="1" lightColor="3"/>
	</Component>
	<Component bottom-margin="0.0" height="40%" horizontal-alignment="left" left-margin="52.5%" right-margin="0.0" top-margin="-63%" type="image" vertical-alignment="top" width="36%">
		<ComponentValues lightColor="3"/>
	</Component>
	<Component bottom-margin="0.0" height="4%" horizontal-alignment="left" left-margin="52.5%" right-margin="0.0" top-margin="4%" type="label" vertical-alignment="top" width="35%">
		<ComponentValues darkColor="4" lightColor="1"/>
	</Component>
	<Component bottom-margin="0.0" height="12%" horizontal-alignment="left" left-margin="52.5%" right-margin="0.0" top-margin="3%" type="label" vertical-alignment="top" width="27%">
		<ComponentValues Line="2" darkColor="1" lightColor="3"/>
	</Component>
	<Component bottom-margin="0.0" height="13%" horizontal-alignment="left" left-margin="4.5%" right-margin="0.0" top-margin="-38%" type="image" vertical-alignment="top" width="5%"/>
	<Component bottom-margin="0.0" height="13%" horizontal-alignment="left" left-margin="90.5%" right-margin="0.0" top-margin="-13%" type="image" vertical-alignment="top" width="5%"/>
</FlowLayout>