<?xml version="1.0" encoding="UTF-8"?>
<FlowLayout bottom-margin="0.0" even="false" height="100.0%" horizontal="false" horizontal-alignment="left" left-margin="0.0" right-margin="0.0" top-margin="0.0" vertical-alignment="top" width="100.0%">
	<Component bottom-margin="0.0" height="18%" horizontal-alignment="left" left-margin="32%" right-margin="0.0" top-margin="30%" type="image" vertical-alignment="top" width="35.3%"/>
	<Component bottom-margin="0.0" height="4%" horizontal-alignment="left" left-margin="24%" right-margin="0.0" top-margin="2%" type="label" vertical-alignment="top" width="53%">
		<ComponentValues darkColor="4" lightColor="1"/>
	</Component>
	<Component bottom-margin="0.0" height="6%" horizontal-alignment="left" left-margin="29%" right-margin="0.0" top-margin=".5%" type="label" vertical-alignment="top" width="42%">
		<ComponentValues Line="2" darkColor="1" lightColor="3"/>
	</Component>
	<Component bottom-margin="0.0" height="9%" horizontal-alignment="left" left-margin="5%" right-margin="0.0" top-margin="29%" type="image" vertical-alignment="top" width="90.3%"/>
</FlowLayout>