<?xml version="1.0" encoding="UTF-8"?>
<FlowLayout bottom-margin="0.0" even="false" height="100.0%" horizontal="true" horizontal-alignment="left" left-margin="0.0" right-margin="0.0" top-margin="0.0" vertical-alignment="top" width="100.0%">
	<Component bottom-margin="0.0" height="78%" horizontal-alignment="left" left-margin="42.5%" right-margin="0.0" top-margin="6%" type="image" vertical-alignment="top" width="56.%"/>
	<Component bottom-margin="0.0" height="4%" horizontal-alignment="left" left-margin="-92.9%" right-margin="0.0" top-margin="42.0%" type="label" vertical-alignment="top" width="33.4%">
		<ComponentValues darkColor="4" lightColor="1"/>
	</Component>
	<Component bottom-margin="0.0" height="8%" horizontal-alignment="left" left-margin="-33%" right-margin="0.0" top-margin="50%" type="label" vertical-alignment="top" width="24.%">
		<ComponentValues Line="2" darkColor="1" lightColor="3"/>
	</Component>
	<Component bottom-margin="0.0" height="8%" horizontal-alignment="left" left-margin="32.8%" right-margin="0.0" top-margin="89.0%" type="image" vertical-alignment="top" width="17.4%"/>
</FlowLayout>