<?xml version="1.0" encoding="UTF-8"?>
<FlowLayout bottom-margin="0.0" even="false" height="100.0%" horizontal="false" horizontal-alignment="left" left-margin="0.0" right-margin="0.0" top-margin="0.0" vertical-alignment="top" width="100.0%">
	<Component bottom-margin="0.0" height="17%" horizontal-alignment="left" left-margin="37%" right-margin="0.0" top-margin="4%" type="image" vertical-alignment="top" width="26.3%"/>
	<Component bottom-margin="0.0" height="3%" horizontal-alignment="left" left-margin="25.5%" right-margin="0.0" top-margin="4%" type="label" vertical-alignment="top" width="50%">
		<ComponentValues darkColor="4" lightColor="1"/>
	</Component>
	<Component bottom-margin="0.0" height="6%" horizontal-alignment="left" left-margin="30.5%" right-margin="0.0" top-margin="1%" type="label" vertical-alignment="top" width="39%">
		<ComponentValues Line="2" darkColor="1" lightColor="3"/>
	</Component>
	<Component bottom-margin="0.0" height="5%" horizontal-alignment="left" left-margin="7.5%" right-margin="0.0" top-margin="3%" type="label" vertical-alignment="top" width="22%">
		<ComponentValues Line="2" darkColor="1" lightColor="3"/>
	</Component>
	<Component bottom-margin="0.0" height="5%" horizontal-alignment="left" left-margin="39.5%" right-margin="0.0" top-margin="-5%" type="label" vertical-alignment="top" width="22%">
		<ComponentValues Line="2" darkColor="1" lightColor="3"/>
	</Component>
	<Component bottom-margin="0.0" height="5%" horizontal-alignment="left" left-margin="71.5%" right-margin="0.0" top-margin="-5%" type="label" vertical-alignment="top" width="22%">
		<ComponentValues Line="2" darkColor="1" lightColor="3"/>
	</Component>
	<Component bottom-margin="0.0" height="53%" horizontal-alignment="left" left-margin="%" right-margin="0.0" top-margin="4%" type="image" vertical-alignment="top" width="100%"/>
</FlowLayout>