<?xml version="1.0" encoding="UTF-8"?>
<FlowLayout bottom-margin="0.0" even="false" height="100.0%" horizontal="false" horizontal-alignment="left" left-margin="0.0" right-margin="0.0" top-margin="0.0" vertical-alignment="top" width="100.0%">
	<FlowLayout bottom-margin="0.0" even="false" height="84.0%" horizontal="false" horizontal-alignment="left" left-margin="0.0" right-margin="0.0" top-margin="0.0" vertical-alignment="top" width="100.0%">
		<Component bottom-margin="0.0" height="10%" horizontal-alignment="left" left-margin="80%" right-margin="0.0" top-margin="2%" type="image" vertical-alignment="top" width="20%"/>
		<Component bottom-margin="0.0" height="25%" horizontal-alignment="left" left-margin="30%" right-margin="0.0" top-margin="35%" type="image" vertical-alignment="top" width="40%"/>
	</FlowLayout>
	<FlowLayout bottom-margin="0.0" even="false" height="16.0%" horizontal="true" horizontal-alignment="left" left-margin="0.0" right-margin="0.0" top-margin="0.0" vertical-alignment="top" width="100.0%">
		<Component bottom-margin="0.0" height="20%" horizontal-alignment="left" left-margin="25%" right-margin="0.0" top-margin="12%" type="label" vertical-alignment="top" width="50.3%">
			<ComponentValues darkColor="4" lightColor="1"/>
		</Component>
		<Component bottom-margin="0.0" height="32%" horizontal-alignment="left" left-margin="-45%" right-margin="0.0" top-margin="42%" type="label" vertical-alignment="top" width="40%">
			<ComponentValues Line="2" darkColor="1" lightColor="3"/>
		</Component>
	</FlowLayout>
</FlowLayout>