<?xml version="1.0" encoding="UTF-8"?>
<FlowLayout bottom-margin="0.0" even="false" height="100.0%" horizontal="true" horizontal-alignment="left" left-margin="0.0" right-margin="0.0" top-margin="0.0" vertical-alignment="top" width="100.0%">
	<Component bottom-margin="0.0" height="32.0%" horizontal-alignment="left" left-margin="40%" right-margin="0.0" top-margin="12%" type="image" vertical-alignment="top" width="19.5%">
		<ComponentValues darkColor="1" lightColor="3"/>
	</Component>
	<Component bottom-margin="0.0" height="10%" horizontal-alignment="left" left-margin="-21.9%" right-margin="0.0" top-margin="48.0%" type="text-field" vertical-alignment="top" width="27.%">
		<ComponentValues darkRGB="-7960954" lightRGB="-1"/>
	</Component>
	<Component bottom-margin="0.0" height="10%" horizontal-alignment="left" left-margin="-26.9%" right-margin="0.0" top-margin="63.0%" type="text-field" vertical-alignment="top" width="27.%">
		<ComponentValues darkRGB="-7960954" lightRGB="-1"/>
	</Component>
	<Component bottom-margin="0.0" height="13%" horizontal-alignment="left" left-margin="-25%" right-margin="0.0" top-margin="76.0%" type="button" vertical-alignment="top" width="21%">
		<ComponentValues darkColor="0" lightColor="0"/>
	</Component>
</FlowLayout>