<?xml version="1.0" encoding="UTF-8"?>
<FlowLayout bottom-margin="0.0" even="false" height="100.0%" horizontal="true" horizontal-alignment="left" left-margin="0.0" right-margin="0.0" top-margin="0.0" vertical-alignment="top" width="100.0%">
	<Component bottom-margin="0.0" height="30%" horizontal-alignment="left" left-margin="3%" right-margin="0.0" top-margin="5.6%" type="image" vertical-alignment="top" width="94.7%">
		<ComponentValues darkColor="1" lightColor="3"/>
	</Component>
	<Component bottom-margin="0.0" height="22%" horizontal-alignment="left" left-margin="-94.5%" right-margin="0.0" top-margin="41%" type="image" vertical-alignment="top" width="15.3%">
		<ComponentValues darkColor="1" lightColor="3"/>
	</Component>
	<Component bottom-margin="0.0" height="22%" horizontal-alignment="left" left-margin="2.5%" right-margin="0.0" top-margin="41%" type="image" vertical-alignment="top" width="15.3%">
		<ComponentValues darkColor="1" lightColor="3"/>
	</Component>
	<Component bottom-margin="0.0" height="22%" horizontal-alignment="left" left-margin="2.5%" right-margin="0.0" top-margin="41%" type="image" vertical-alignment="top" width="15.3%">
		<ComponentValues darkColor="1" lightColor="3"/>
	</Component>
	<Component bottom-margin="0.0" height="4%" horizontal-alignment="left" left-margin="-51.5%" right-margin="0.0" top-margin="69%" type="label" vertical-alignment="top" width="24.3%">
		<ComponentValues darkColor="4" lightColor="1"/>
	</Component>
	<Component bottom-margin="0.0" height="2%" horizontal-alignment="left" left-margin="-24%" right-margin="0.0" top-margin="78%" type="label" vertical-alignment="top" width="94.3%">
		<ComponentValues darkColor="1" lightColor="3"/>
	</Component>
	<Component bottom-margin="0.0" height="14%" horizontal-alignment="left" left-margin="-95%" right-margin="0.0" top-margin="84%" type="button" vertical-alignment="top" width="20.3%">
		<ComponentValues darkColor="0" lightColor="0"/>
	</Component>
</FlowLayout>