<?xml version="1.0" encoding="UTF-8"?>
<FlowLayout bottom-margin="0.0" even="false" height="100.0%" horizontal="false" horizontal-alignment="left" left-margin="0.0" right-margin="0.0" top-margin="0.0" vertical-alignment="top" width="100.0%">
	<FlowLayout bottom-margin="0.0" even="false" height="62.0%" horizontal="true" horizontal-alignment="left" left-margin="0.0" right-margin="0.0" top-margin="0.0" vertical-alignment="top" width="100.0%">
		<Component bottom-margin="0.0" height="7%" horizontal-alignment="left" left-margin="33.8%" right-margin="0.0" top-margin="16%" type="label" vertical-alignment="top" width="32.9%">
			<ComponentValues darkColor="4" lightColor="1"/>
		</Component>
		<Component bottom-margin="0.0" height="14%" horizontal-alignment="left" left-margin="-28.6%" right-margin="0.0" top-margin="30%" type="label" vertical-alignment="top" width="24.7%">
			<ComponentValues Line="2" darkColor="1" lightColor="3"/>
		</Component>
		<Component bottom-margin="0.0" height="18%" horizontal-alignment="left" left-margin="-53.8%" right-margin="0.0" top-margin="63%" type="text-field" vertical-alignment="top" width="59.9%">
			<ComponentValues darkColor="1" lightRGB="-1"/>
		</Component>
		<Component bottom-margin="0.0" height="18%" horizontal-alignment="left" left-margin="2.8%" right-margin="0.0" top-margin="63%" type="button" vertical-alignment="top" width="19.3%">
			<ComponentValues darkColor="0" lightColor="0"/>
		</Component>
	</FlowLayout>
	<FlowLayout bottom-margin="0.0" even="false" height="2.0%" horizontal="true" horizontal-alignment="left" left-margin="0.0" right-margin="0.0" top-margin="0.0" vertical-alignment="top" width="100.0%">
		<Component bottom-margin="0.0" height="40%" horizontal-alignment="left" left-margin="0%" right-margin="0.0" top-margin="28%" type="image" vertical-alignment="top" width="100.7%">
			<ComponentValues darkColor="3" lightColor="5"/>
		</Component>
	</FlowLayout>
	<FlowLayout bottom-margin="0.0" even="false" height="38.0%" horizontal="true" horizontal-alignment="left" left-margin="0.0" right-margin="0.0" top-margin="0.0" vertical-alignment="top" width="100.0%">
		<Component bottom-margin="0.0" height="12%" horizontal-alignment="left" left-margin="2.6%" right-margin="0.0" top-margin="26%" type="label" vertical-alignment="top" width="24.7%">
			<ComponentValues darkColor="4" lightColor="1"/>
		</Component>
		<Component bottom-margin="0.0" height="24%" horizontal-alignment="left" left-margin="-24.6%" right-margin="0.0" top-margin="50%" type="label" vertical-alignment="top" width="18.7%">
			<ComponentValues Line="2" darkColor="1" lightColor="3"/>
		</Component>
		<Component bottom-margin="0.0" height="12%" horizontal-alignment="left" left-margin="16.4%" right-margin="0.0" top-margin="26%" type="label" vertical-alignment="top" width="24.7%">
			<ComponentValues darkColor="4" lightColor="1"/>
		</Component>
		<Component bottom-margin="0.0" height="24%" horizontal-alignment="left" left-margin="-24.6%" right-margin="0.0" top-margin="50%" type="label" vertical-alignment="top" width="18.7%">
			<ComponentValues Line="2" darkColor="1" lightColor="3"/>
		</Component>
		<Component bottom-margin="0.0" height="12%" horizontal-alignment="left" left-margin="16.3%" right-margin="0.0" top-margin="26%" type="label" vertical-alignment="top" width="24.7%">
			<ComponentValues darkColor="4" lightColor="1"/>
		</Component>
		<Component bottom-margin="0.0" height="24%" horizontal-alignment="left" left-margin="-24.6%" right-margin="0.0" top-margin="50%" type="label" vertical-alignment="top" width="18.7%">
			<ComponentValues Line="2" darkColor="1" lightColor="3"/>
		</Component>
	</FlowLayout>
</FlowLayout>