<?xml version="1.0" encoding="UTF-8"?>
<FlowLayout bottom-margin="0.0" even="false" height="100.0%" horizontal="true" horizontal-alignment="left" left-margin="0.0" right-margin="0.0" top-margin="0.0" vertical-alignment="top" width="100.0%">
	<Component bottom-margin="0.0" height="12%" horizontal-alignment="left" left-margin="20.5%" right-margin="0.0" top-margin="67.5%" type="button" vertical-alignment="top" width="27%">
		<ComponentValues darkColor="0" lightColor="0"/>
	</Component>
	<Component bottom-margin="0.0" height="12%" horizontal-alignment="left" left-margin="4%" right-margin="0.0" top-margin="67.5%" type="button" vertical-alignment="top" width="27%">
		<ComponentValues darkColor="0" lightColor="0"/>
	</Component>
	<Component bottom-margin="0.0" height="26%" horizontal-alignment="left" left-margin="-57%" right-margin="0.0" top-margin="10%" type="image" vertical-alignment="top" width="26%">
		<ComponentValues lightColor="3"/>
	</Component>
	<Component bottom-margin="0.0" height="15%" horizontal-alignment="left" left-margin="-17.5%" right-margin="0.0" top-margin="40%" type="label" vertical-alignment="top" width="9%">
		<ComponentValues Line="3" darkColor="1" lightColor="3"/>
	</Component>
	<Component bottom-margin="0.0" height="26%" horizontal-alignment="left" left-margin="13.5%" right-margin="0.0" top-margin="10%" type="image" vertical-alignment="top" width="26%">
		<ComponentValues lightColor="3"/>
	</Component>
	<Component bottom-margin="0.0" height="25%" horizontal-alignment="left" left-margin="-17.5%" right-margin="0.0" top-margin="40%" type="label" vertical-alignment="top" width="9%">
		<ComponentValues Line="5" darkColor="1" lightColor="3"/>
	</Component>
	<Component bottom-margin="0.0" height="8%" horizontal-alignment="left" left-margin="-29.5%" right-margin="0.0" top-margin="89%" type="image" vertical-alignment="top" width="20%"/>
</FlowLayout>