<?xml version="1.0" encoding="UTF-8"?>
<FlowLayout bottom-margin="0.0" even="false" height="100.0%" horizontal="true" horizontal-alignment="left" left-margin="0.0" right-margin="0.0" top-margin="0.0" vertical-alignment="top" width="100.0%">
	<Component bottom-margin="0.0" height="10%" horizontal-alignment="left" left-margin="13%" right-margin="0.0" top-margin="12%" type="image" vertical-alignment="top" width="25%"/>
	<Component bottom-margin="0.0" height="31%" horizontal-alignment="left" left-margin="10%" right-margin="0.0" top-margin="0%" type="image" vertical-alignment="top" width="5%"/>
	<Component bottom-margin="0.0" height="3%" horizontal-alignment="left" left-margin="16%" right-margin="0.0" top-margin="9%" type="label" vertical-alignment="top" width="12%">
		<ComponentValues darkColor="1" lightColor="3"/>
	</Component>
	<Component bottom-margin="0.0" height="3%" horizontal-alignment="left" left-margin="-24%" right-margin="0.0" top-margin="14%" type="label" vertical-alignment="top" width="38%">
		<ComponentValues darkColor="4" lightColor="1"/>
	</Component>
	<Component bottom-margin="0.0" height="6%" horizontal-alignment="left" left-margin="-34%" right-margin="0.0" top-margin="18%" type="label" vertical-alignment="top" width="29%">
		<ComponentValues Line="2" darkColor="1" lightColor="3"/>
	</Component>
	<Component bottom-margin="0.0" height="3%" horizontal-alignment="left" left-margin="-90%" right-margin="0.0" top-margin="31%" type="image" vertical-alignment="top" width="100%"/>
	<Component bottom-margin="0.0" height="3%" horizontal-alignment="left" left-margin="-81%" right-margin="0.0" top-margin="43%" type="label" vertical-alignment="top" width="12%">
		<ComponentValues darkColor="1" lightColor="3"/>
	</Component>
	<Component bottom-margin="0.0" height="3%" horizontal-alignment="left" left-margin="-24%" right-margin="0.0" top-margin="47%" type="label" vertical-alignment="top" width="38%">
		<ComponentValues darkColor="4" lightColor="1"/>
	</Component>
	<Component bottom-margin="0.0" height="6%" horizontal-alignment="left" left-margin="-34%" right-margin="0.0" top-margin="51%" type="label" vertical-alignment="top" width="29%">
		<ComponentValues Line="2" darkColor="1" lightColor="3"/>
	</Component>
	<Component bottom-margin="0.0" height="31.4%" horizontal-alignment="left" left-margin="8%" right-margin="0.0" top-margin="34%" type="image" vertical-alignment="top" width="5%"/>
	<Component bottom-margin="0.0" height="10%" horizontal-alignment="left" left-margin="10%" right-margin="0.0" top-margin="45%" type="image" vertical-alignment="top" width="25%"/>
	<Component bottom-margin="0.0" height="3%" horizontal-alignment="left" left-margin="-88%" right-margin="0.0" top-margin="65.4%" type="image" vertical-alignment="top" width="100%"/>
	<Component bottom-margin="0.0" height="10%" horizontal-alignment="left" left-margin="-87%" right-margin="0.0" top-margin="78%" type="image" vertical-alignment="top" width="25%"/>
	<Component bottom-margin="0.0" height="31%" horizontal-alignment="left" left-margin="10%" right-margin="0.0" top-margin="68.6%" type="image" vertical-alignment="top" width="5%"/>
	<Component bottom-margin="0.0" height="3%" horizontal-alignment="left" left-margin="16%" right-margin="0.0" top-margin="76.4%" type="label" vertical-alignment="top" width="12%">
		<ComponentValues darkColor="1" lightColor="3"/>
	</Component>
	<Component bottom-margin="0.0" height="3%" horizontal-alignment="left" left-margin="-24%" right-margin="0.0" top-margin="81%" type="label" vertical-alignment="top" width="38%">
		<ComponentValues darkColor="4" lightColor="1"/>
	</Component>
	<Component bottom-margin="0.0" height="6%" horizontal-alignment="left" left-margin="-34%" right-margin="0.0" top-margin="85%" type="label" vertical-alignment="top" width="29%">
		<ComponentValues Line="2" darkColor="1" lightColor="3"/>
	</Component>
</FlowLayout>