<?xml version="1.0" encoding="UTF-8"?>
<FlowLayout bottom-margin="0.0" even="false" height="100.0%" horizontal="false" horizontal-alignment="left" left-margin="0.0" right-margin="0.0" top-margin="0.0" vertical-alignment="top" width="100.0%">
	<Component bottom-margin="0.0" height="92%" horizontal-alignment="center" left-margin="5.0%" right-margin="0.0" top-margin="5.0%" type="image" vertical-alignment="top" width="50%">
		<ComponentValues darkColor="1" lightColor="1"/>
	</Component>
	<Component bottom-margin="0.0" height="2%" horizontal-alignment="center" left-margin="61%" right-margin="0.0" top-margin="-75%" type="label" vertical-alignment="top" width="7%">
		<ComponentValues lightColor="3"/>
	</Component>
	<Component bottom-margin="0.0" height="3.7%" horizontal-alignment="center" left-margin="61%" right-margin="0.0" top-margin="5.8%" type="label" vertical-alignment="top" width="32%">
		<ComponentValues lightColor="1"/>
	</Component>
	<Component bottom-margin="0.0" height="7.9%" horizontal-alignment="center" left-margin="61%" right-margin="0.0" top-margin="4.8%" type="label" vertical-alignment="top" width="24%">
		<ComponentValues Line="2" lightColor="3"/>
	</Component>
	<Component bottom-margin="0.0" height="2%" horizontal-alignment="center" left-margin="61%" right-margin="0.0" top-margin="9.8%" type="label" vertical-alignment="top" width="7%"/>
	<Component bottom-margin="0.0" height="3.7%" horizontal-alignment="center" left-margin="61%" right-margin="0.0" top-margin="5.8%" type="label" vertical-alignment="top" width="32%">
		<ComponentValues lightColor="1"/>
	</Component>
	<Component bottom-margin="0.0" height="7.9%" horizontal-alignment="center" left-margin="61%" right-margin="0.0" top-margin="4.8%" type="label" vertical-alignment="top" width="24%">
		<ComponentValues Line="2" lightColor="3"/>
	</Component>
</FlowLayout>