<?xml version="1.0" encoding="UTF-8"?>
<FlowLayout bottom-margin="0.0" even="false" height="100.0%" horizontal="true" horizontal-alignment="left" left-margin="0.0" right-margin="0.0" top-margin="0.0" vertical-alignment="top" width="100.0%">
	<Component bottom-margin="0.0" height="9.0%" horizontal-alignment="left" left-margin="3.%" right-margin="0.0" top-margin="5%" type="image" vertical-alignment="top" width="94.5%">
		<ComponentValues darkColor="1" lightColor="3"/>
	</Component>
	<Component bottom-margin="0.0" height="35%" horizontal-alignment="left" left-margin="-95.2%" right-margin="0.0" top-margin="19.0%" type="image" vertical-alignment="top" width="63.4%">
		<ComponentValues darkColor="1" lightColor="3"/>
	</Component>
	<Component bottom-margin="0.0" height="35%" horizontal-alignment="left" left-margin="-63.2%" right-margin="0.0" top-margin="60.0%" type="image" vertical-alignment="top" width="30.4%">
		<ComponentValues darkColor="1" lightColor="3"/>
	</Component>
	<Component bottom-margin="0.0" height="35%" horizontal-alignment="left" left-margin="1.9%" right-margin="0.0" top-margin="60.0%" type="image" vertical-alignment="top" width="30.4%">
		<ComponentValues darkColor="1" lightColor="3"/>
	</Component>
	<Component bottom-margin="0.0" height="76%" horizontal-alignment="left" left-margin="2.5%" right-margin="0.0" top-margin="19.0%" type="image" vertical-alignment="top" width="30%">
		<ComponentValues darkColor="1" lightColor="3"/>
	</Component>
</FlowLayout>