<?xml version="1.0" encoding="UTF-8"?>
<FlowLayout bottom-margin="0.0" even="false" height="100.0%" horizontal="false" horizontal-alignment="left" left-margin="0.0" right-margin="0.0" top-margin="0.0" vertical-alignment="top" width="100.0%">
	<Component bottom-margin="0.0" height="11%" horizontal-alignment="left" left-margin="41%" right-margin="0.0" top-margin="3%" type="image" vertical-alignment="top" width="18.3%"/>
	<Component bottom-margin="0.0" height="4%" horizontal-alignment="left" left-margin="36%" right-margin="0.0" top-margin="2%" type="label" vertical-alignment="top" width="28.3%">
		<ComponentValues darkColor="1" lightColor="3"/>
	</Component>
	<Component bottom-margin="0.0" height="4%" horizontal-alignment="left" left-margin="36%" right-margin="0.0" top-margin="2%" type="label" vertical-alignment="top" width="28.3%">
		<ComponentValues darkColor="1" lightColor="3"/>
	</Component>
	<Component bottom-margin="0.0" height="4%" horizontal-alignment="left" left-margin="36%" right-margin="0.0" top-margin="2%" type="label" vertical-alignment="top" width="28.3%">
		<ComponentValues darkColor="1" lightColor="3"/>
	</Component>
	<Component bottom-margin="0.0" height="4%" horizontal-alignment="left" left-margin="36%" right-margin="0.0" top-margin="2%" type="label" vertical-alignment="top" width="28.3%">
		<ComponentValues darkColor="1" lightColor="3"/>
	</Component>
	<Component bottom-margin="0.0" height="59%" horizontal-alignment="left" left-margin="0%" right-margin="0.0" top-margin="3%" type="image" vertical-alignment="top" width="100%"/>
</FlowLayout>