<?xml version="1.0" encoding="UTF-8"?>
<FlowLayout bottom-margin="0.0" even="false" height="100.0%" horizontal="false" horizontal-alignment="left" left-margin="0.0" right-margin="0.0" top-margin="0.0" vertical-alignment="top" width="100.0%">
	<Component bottom-margin="0.0" height="91%" horizontal-alignment="left" left-margin="3%" right-margin="0.0" top-margin="5%" type="image" vertical-alignment="top" width="41%"/>
	<Component bottom-margin="0.0" height="3%" horizontal-alignment="left" left-margin="49%" right-margin="0.0" top-margin="-58%" type="label" vertical-alignment="top" width="10%">
		<ComponentValues darkColor="1" lightColor="3"/>
	</Component>
	<Component bottom-margin="0.0" height="5%" horizontal-alignment="left" left-margin="49%" right-margin="0.0" top-margin="4%" type="label" vertical-alignment="top" width="35%">
		<ComponentValues darkColor="4" lightColor="1"/>
	</Component>
	<Component bottom-margin="0.0" height="10%" horizontal-alignment="left" left-margin="49%" right-margin="0.0" top-margin="3%" type="label" vertical-alignment="top" width="25.3%">
		<ComponentValues Line="2" darkColor="1" lightColor="3"/>
	</Component>
	<Component bottom-margin="0.0" height="9%" horizontal-alignment="left" left-margin="62%" right-margin="0.0" top-margin="26%" type="image" vertical-alignment="top" width="20.3%"/>
</FlowLayout>