<?xml version="1.0" encoding="UTF-8"?>
<FlowLayout bottom-margin="0.0" even="false" height="100.0%" horizontal="false" horizontal-alignment="left" left-margin="0.0" right-margin="0.0" top-margin="0.0" vertical-alignment="top" width="100.0%">
	<Component bottom-margin="0.0" height="4%" horizontal-alignment="left" left-margin="5%" right-margin="0.0" top-margin="35%" type="label" vertical-alignment="top" width="24%">
		<ComponentValues darkColor="4" lightColor="1"/>
	</Component>
	<Component bottom-margin="0.0" height="10%" horizontal-alignment="left" left-margin="10%" right-margin="0.0" top-margin="3%" type="label" vertical-alignment="top" width="19%">
		<ComponentValues Line="2" darkColor="1" lightColor="3"/>
	</Component>
	<Component bottom-margin="0.0" height="77%" horizontal-alignment="left" left-margin="30.5%" right-margin="0.0" top-margin="-47%" type="image" vertical-alignment="top" width="39%">
		<ComponentValues darkColor="1"/>
	</Component>
	<Component bottom-margin="0.0" height="4%" horizontal-alignment="left" left-margin="72%" right-margin="0.0" top-margin="-47%" type="label" vertical-alignment="top" width="24%">
		<ComponentValues darkColor="4" lightColor="1"/>
	</Component>
	<Component bottom-margin="0.0" height="10%" horizontal-alignment="left" left-margin="71.5%" right-margin="0.0" top-margin="3%" type="label" vertical-alignment="top" width="19%">
		<ComponentValues Line="2" darkColor="1" lightColor="3"/>
	</Component>
	<Component bottom-margin="0.0" height="9%" horizontal-alignment="left" left-margin="40.5%" right-margin="0.0" top-margin="32%" type="image" vertical-alignment="top" width="20%"/>
</FlowLayout>