<?xml version="1.0" encoding="UTF-8"?>
<FlowLayout bottom-margin="0.0" even="false" height="100.0%" horizontal="true" horizontal-alignment="left" left-margin="0.0" right-margin="0.0" top-margin="0.0" vertical-alignment="top" width="100.0%">
	<Component bottom-margin="0.0" height="4.0%" horizontal-alignment="left" left-margin="34.4%" right-margin="0.0" top-margin="30%" type="label" vertical-alignment="top" width="32.5%">
		<ComponentValues lightColor="1"/>
	</Component>
	<Component bottom-margin="0.0" height="4%" horizontal-alignment="left" left-margin="-63.7%" right-margin="0.0" top-margin="54.0%" type="label" vertical-alignment="top" width="24.%">
		<ComponentValues lightColor="1"/>
	</Component>
	<Component bottom-margin="0.0" height="8%" horizontal-alignment="left" left-margin="-24%" right-margin="0.0" top-margin="63.0%" type="label" vertical-alignment="top" width="18%">
		<ComponentValues Line="2" darkColor="1" lightColor="3"/>
	</Component>
	<Component bottom-margin="0.0" height="4%" horizontal-alignment="left" left-margin="16.9%" right-margin="0.0" top-margin="54.0%" type="label" vertical-alignment="top" width="24.%">
		<ComponentValues lightColor="1"/>
	</Component>
	<Component bottom-margin="0.0" height="8%" horizontal-alignment="left" left-margin="-24%" right-margin="0.0" top-margin="63.0%" type="label" vertical-alignment="top" width="18%">
		<ComponentValues Line="2" lightColor="3"/>
	</Component>
	<Component bottom-margin="0.0" height="4%" horizontal-alignment="left" left-margin="17%" right-margin="0.0" top-margin="54.0%" type="label" vertical-alignment="top" width="24.%">
		<ComponentValues lightColor="1"/>
	</Component>
	<Component bottom-margin="0.0" height="8%" horizontal-alignment="left" left-margin="-24%" right-margin="0.0" top-margin="63.0%" type="label" vertical-alignment="top" width="18%">
		<ComponentValues Line="2" lightColor="3"/>
	</Component>
</FlowLayout>