<?xml version="1.0" encoding="UTF-8"?>
<FlowLayout bottom-margin="0.0" even="false" height="100.0%" horizontal="true" horizontal-alignment="left" left-margin="0.0" right-margin="0.0" top-margin="0.0" vertical-alignment="top" width="100.0%">
	<Component bottom-margin="0.0" height="82%" horizontal-alignment="left" left-margin="12.5%" right-margin="0.0" top-margin="9%" type="image" vertical-alignment="top" width="25%">
		<ComponentValues darkColor="3" lightColor="5"/>
	</Component>
	<Component bottom-margin="0.0" height="92%" horizontal-alignment="left" left-margin=".5%" right-margin="0.0" top-margin="4%" type="image" vertical-alignment="top" width="25%">
		<ComponentValues darkColor="4"/>
	</Component>
	<Component bottom-margin="0.0" height="82%" horizontal-alignment="left" left-margin=".3%" right-margin="0.0" top-margin="9%" type="image" vertical-alignment="top" width="25%">
		<ComponentValues darkColor="1" lightColor="3"/>
	</Component>
	<Component bottom-margin="0.0" height="21%" horizontal-alignment="left" left-margin="-67.7%" right-margin="0.0" top-margin="17%" type="image" vertical-alignment="top" width="12%">
		<ComponentValues darkColor="1" lightColor="3" imageType="circle"/>
	</Component>
	<Component bottom-margin="0.0" height="15%" horizontal-alignment="left" left-margin="-10%" right-margin="0.0" top-margin="39%" type="image" vertical-alignment="top" width="9%">
		<ComponentValues Line="3" darkColor="1" lightColor="3"/>
	</Component>
	<Component bottom-margin="0.0" height="21%" horizontal-alignment="left" left-margin="13%" right-margin="0.0" top-margin="17%" type="image" vertical-alignment="top" width="12%">
		<ComponentValues darkColor="1" lightColor="3" imageType="circle"/>
	</Component>
	<Component bottom-margin="0.0" height="25%" horizontal-alignment="left" left-margin="-10%" right-margin="0.0" top-margin="39%" type="image" vertical-alignment="top" width="9%">
		<ComponentValues Line="5" darkColor="1" lightColor="3"/>/>
	</Component>
	<Component bottom-margin="0.0" height="21%" horizontal-alignment="left" left-margin="13.5%" right-margin="0.0" top-margin="17%" type="image" vertical-alignment="top" width="12%">
		<ComponentValues darkColor="1" lightColor="3" imageType="circle"/>
	</Component>
	<Component bottom-margin="0.0" height="35%" horizontal-alignment="left" left-margin="-10%" right-margin="0.0" top-margin="39%" type="image" vertical-alignment="top" width="9%">
		<ComponentValues Line="7" darkColor="1" lightColor="3"/>
	</Component>
</FlowLayout>
