<?xml version="1.0" encoding="UTF-8"?>
<FlowLayout bottom-margin="0.0" even="false" height="100.0%" horizontal="false" horizontal-alignment="left" left-margin="0.0" right-margin="0.0" top-margin="0.0" vertical-alignment="top" width="100.0%">
	<Component bottom-margin="0.0" height="4.0%" horizontal-alignment="left" left-margin="5.3%" right-margin="0.0" top-margin="42.%" type="label" vertical-alignment="top" width="33%">
		<ComponentValues lightColor="1"/>
	</Component>
	<Component bottom-margin="0.0" height="8.0%" horizontal-alignment="left" left-margin="5.5%" right-margin="0.0" top-margin="5.4%" type="label" vertical-alignment="top" width="24%">
		<ComponentValues Line="2" darkColor="1" lightColor="3"/>
	</Component>
	<Component bottom-margin="0.0" height="38.0%" horizontal-alignment="left" left-margin="43.%" right-margin="0.0" top-margin="-27.8%" type="image" vertical-alignment="top" width="25%">
		<ComponentValues darkColor="1" lightColor="3"/>
	</Component>
	<Component bottom-margin="0.0" height="38.0%" horizontal-alignment="left" left-margin="70.%" right-margin="0.0" top-margin="-37.8%" type="image" vertical-alignment="top" width="25%">
		<ComponentValues darkColor="1" lightColor="3"/>
	</Component>
	<Component bottom-margin="0.0" height="38.0%" horizontal-alignment="left" left-margin="97%" right-margin="0.0" top-margin="-37.8%" type="image" vertical-alignment="top" width="3%">
		<ComponentValues lightColor="3"/>
	</Component>
</FlowLayout>