<?xml version="1.0" encoding="UTF-8"?>
<FlowLayout bottom-margin="0.0" even="false" height="100.0%" horizontal="true" horizontal-alignment="left" left-margin="0.0" right-margin="0.0" top-margin="0.0" vertical-alignment="top" width="100.0%">
	<Component bottom-margin="0.0" height="21%" horizontal-alignment="left" left-margin="7.5%" right-margin="0.0" top-margin="10%" type="image" vertical-alignment="top" width="8.7%">
		<ComponentValues darkColor="1" imageType="circle" lightColor="3"/>
	</Component>
	<Component bottom-margin="0.0" height="4%" horizontal-alignment="left" left-margin="2.4%" right-margin="0.0" top-margin="10.6%" type="label" vertical-alignment="top" width="24.7%">
		<ComponentValues darkColor="4" lightColor="1"/>
	</Component>
	<Component bottom-margin="0.0" height="8%" horizontal-alignment="left" left-margin="-24.6%" right-margin="0.0" top-margin="19%" type="label" vertical-alignment="top" width="18.2%">
		<ComponentValues Line="2" darkColor="1" lightColor="3"/>
	</Component>
	<Component bottom-margin="0.0" height="18%" horizontal-alignment="left" left-margin="20.5%" right-margin="0.0" top-margin="11%" type="image" vertical-alignment="top" width="8.7%">
		<ComponentValues darkColor="1" imageType="circle" lightColor="3"/>
	</Component>
	<Component bottom-margin="0.0" height="4%" horizontal-alignment="left" left-margin="2.7%" right-margin="0.0" top-margin="10.6%" type="label" vertical-alignment="top" width="24.7%">
		<ComponentValues darkColor="4" lightColor="1"/>
	</Component>
	<Component bottom-margin="0.0" height="8%" horizontal-alignment="left" left-margin="-24.6%" right-margin="0.0" top-margin="19%" type="label" vertical-alignment="top" width="18.2%">
		<ComponentValues Line="2" darkColor="1" lightColor="3"/>
	</Component>
	<Component bottom-margin="0.0" height="18%" horizontal-alignment="left" left-margin="-79.5%" right-margin="0.0" top-margin="38%" type="image" vertical-alignment="top" width="8.7%">
		<ComponentValues darkColor="1" imageType="circle" lightColor="3"/>
	</Component>
	<Component bottom-margin="0.0" height="4%" horizontal-alignment="left" left-margin="2.4%" right-margin="0.0" top-margin="37.6%" type="label" vertical-alignment="top" width="24.7%">
		<ComponentValues darkColor="4" lightColor="1"/>
	</Component>
	<Component bottom-margin="0.0" height="8%" horizontal-alignment="left" left-margin="-24.6%" right-margin="0.0" top-margin="46%" type="label" vertical-alignment="top" width="18.2%">
		<ComponentValues Line="2" darkColor="1" lightColor="3"/>
	</Component>
	<Component bottom-margin="0.0" height="18%" horizontal-alignment="left" left-margin="20.5%" right-margin="0.0" top-margin="38%" type="image" vertical-alignment="top" width="8.7%">
		<ComponentValues darkColor="1" imageType="circle" lightColor="3"/>
	</Component>
	<Component bottom-margin="0.0" height="4%" horizontal-alignment="left" left-margin="2.9%" right-margin="0.0" top-margin="37.6%" type="label" vertical-alignment="top" width="24.7%">
		<ComponentValues darkColor="4" lightColor="1"/>
	</Component>
	<Component bottom-margin="0.0" height="8%" horizontal-alignment="left" left-margin="-24.6%" right-margin="0.0" top-margin="46%" type="label" vertical-alignment="top" width="18.2%">
		<ComponentValues Line="2" darkColor="1" lightColor="3"/>
	</Component>
	<Component bottom-margin="0.0" height="18%" horizontal-alignment="left" left-margin="-80%" right-margin="0.0" top-margin="64%" type="image" vertical-alignment="top" width="8.7%">
		<ComponentValues darkColor="1" imageType="circle" lightColor="3"/>
	</Component>
	<Component bottom-margin="0.0" height="4%" horizontal-alignment="left" left-margin="2.4%" right-margin="0.0" top-margin="64%" type="label" vertical-alignment="top" width="24.7%">
		<ComponentValues darkColor="4" lightColor="1"/>
	</Component>
	<Component bottom-margin="0.0" height="8%" horizontal-alignment="left" left-margin="-24.6%" right-margin="0.0" top-margin="72%" type="label" vertical-alignment="top" width="18.2%">
		<ComponentValues Line="2" darkColor="1" lightColor="3"/>
	</Component>
	<Component bottom-margin="0.0" height="18%" horizontal-alignment="left" left-margin="20.5%" right-margin="0.0" top-margin="64%" type="image" vertical-alignment="top" width="8.7%">
		<ComponentValues darkColor="1" imageType="circle" lightColor="3"/>
	</Component>
	<Component bottom-margin="0.0" height="4%" horizontal-alignment="left" left-margin="2.9%" right-margin="0.0" top-margin="63.6%" type="label" vertical-alignment="top" width="24.7%">
		<ComponentValues darkColor="4" lightColor="1"/>
	</Component>
	<Component bottom-margin="0.0" height="8%" horizontal-alignment="left" left-margin="-24.6%" right-margin="0.0" top-margin="72%" type="label" vertical-alignment="top" width="18.2%">
		<ComponentValues Line="2" darkColor="1" lightColor="3"/>
	</Component>
	<Component bottom-margin="0.0" height="8%" horizontal-alignment="left" left-margin="-46.5%" right-margin="0.0" top-margin="89%" type="image" vertical-alignment="top" width="18.7%">
		<ComponentValues darkColor="1" lightColor="3"/>
	</Component>
</FlowLayout>