<?xml version="1.0" encoding="UTF-8"?>
<FlowLayout bottom-margin="0.0" even="false" height="100.0%" horizontal="false" horizontal-alignment="left" left-margin="0.0" right-margin="0.0" top-margin="0.0" vertical-alignment="top" width="100.0%">
	<FlowLayout bottom-margin="0.0" even="false" height="53.0%" horizontal="false" horizontal-alignment="left" left-margin="0.0" right-margin="0.0" top-margin="0.0" vertical-alignment="top" width="100.0%">
		<Component bottom-margin="0.0" height="100%" horizontal-alignment="left" left-margin="0%" right-margin="0.0" top-margin="0%" type="image" vertical-alignment="top" width="100%"/>
	</FlowLayout>
	<FlowLayout bottom-margin="0.0" even="false" height="45.0%" horizontal="true" horizontal-alignment="left" left-margin="0.0" right-margin="0.0" top-margin="0.0" vertical-alignment="top" width="100.0%">
		<Component bottom-margin="0.0" height="14%" horizontal-alignment="left" left-margin="7%" right-margin="0.0" top-margin="9%" type="image" vertical-alignment="top" width="85%"/>
		<Component bottom-margin="0.0" height="9%" horizontal-alignment="left" left-margin="-69%" right-margin="0.0" top-margin="31%" type="label" vertical-alignment="top" width="54.3%">
			<ComponentValues darkColor="4" lightColor="1"/>
		</Component>
		<Component bottom-margin="0.0" height="15%" horizontal-alignment="left" left-margin="-47%" right-margin="0.0" top-margin="41%" type="label" vertical-alignment="top" width="40%">
			<ComponentValues Line="2" darkColor="1" lightColor="3"/>
		</Component>
		<Component bottom-margin="0.0" height="35%" horizontal-alignment="left" left-margin="-65%" right-margin="0.0" top-margin="61%" type="image" vertical-alignment="top" width="90%"/>
	</FlowLayout>
</FlowLayout>