<?xml version="1.0" encoding="UTF-8"?>
<FlowLayout bottom-margin="0.0" even="false" height="100.0%" horizontal="false" horizontal-alignment="left" left-margin="0.0" right-margin="0.0" top-margin="0.0" vertical-alignment="top" width="100.0%">



<Component bottom-margin="0.0" height="22%" horizontal-alignment="left" left-margin="7%" right-margin="0.0" top-margin="3%" type="image" vertical-alignment="top" width="41%"/>
<Component bottom-margin="0.0" height="22%" horizontal-alignment="left" left-margin="6.5%" right-margin="0.0" top-margin="2%" type="image" vertical-alignment="top" width="41%"/>
<Component bottom-margin="0.0" height="22%" horizontal-alignment="left" left-margin="6.5%" right-margin="0.0" top-margin="2%" type="image" vertical-alignment="top" width="41%"/>
<Component bottom-margin="0.0" height="22%" horizontal-alignment="left" left-margin="6.5%" right-margin="0.0" top-margin="2%" type="image" vertical-alignment="top" width="41%"/>

<Component bottom-margin="0.0" height="22%" horizontal-alignment="left" left-margin="53%" right-margin="0.0" top-margin="-94%" type="image" vertical-alignment="top" width="41%"/>
<Component bottom-margin="0.0" height="22%" horizontal-alignment="left" left-margin="53%" right-margin="0.0" top-margin="2%" type="image" vertical-alignment="top" width="41%"/>
<Component bottom-margin="0.0" height="22%" horizontal-alignment="left" left-margin="53%" right-margin="0.0" top-margin="2%" type="image" vertical-alignment="top" width="41%"/>
<Component bottom-margin="0.0" height="22%" horizontal-alignment="left" left-margin="53%" right-margin="0.0" top-margin="2%" type="image" vertical-alignment="top" width="41%"/>
</FlowLayout>
