<?xml version="1.0" encoding="UTF-8"?>
<FlowLayout bottom-margin="0.0" even="false" height="100.0%" horizontal="false" horizontal-alignment="left" left-margin="0.0" right-margin="0.0" top-margin="0.0" vertical-alignment="top" width="100.0%">
	<Component bottom-margin="0.0" height="2%" horizontal-alignment="left" left-margin="16%" right-margin="0.0" top-margin="4.5%" type="label" vertical-alignment="top" width="13%">
		<ComponentValues darkColor="1" lightColor="3"/>
	</Component>
	<Component bottom-margin="0.0" height="5%" horizontal-alignment="left" left-margin="16%" right-margin="0.0" top-margin="1.5%" type="label" vertical-alignment="top" width="38%">
		<ComponentValues Line="2" darkColor="1" lightColor="3"/>
	</Component>
	<Component bottom-margin="0.0" height="33%" horizontal-alignment="left" left-margin="14%" right-margin="0.0" top-margin="1.5%" type="image" vertical-alignment="top" width="73%"/>
	<Component bottom-margin="0.0" height="2%" horizontal-alignment="left" left-margin="16%" right-margin="0.0" top-margin="4.5%" type="label" vertical-alignment="top" width="13%">
		<ComponentValues darkColor="1" lightColor="3"/>
	</Component>
	<Component bottom-margin="0.0" height="5%" horizontal-alignment="left" left-margin="16%" right-margin="0.0" top-margin="1.5%" type="label" vertical-alignment="top" width="38%">
		<ComponentValues Line="2" darkColor="1" lightColor="3"/>
	</Component>
	<Component bottom-margin="0.0" height="33%" horizontal-alignment="left" left-margin="14%" right-margin="0.0" top-margin="3%" type="image" vertical-alignment="top" width="73%"/>
</FlowLayout>