<?xml version="1.0" encoding="UTF-8"?>
<FlowLayout bottom-margin="0.0" even="false" height="100.0%" horizontal="false" horizontal-alignment="left" left-margin="0.0" right-margin="0.0" top-margin="0.0" vertical-alignment="top" width="100.0%">
	<Component bottom-margin="0.0" height="3%" horizontal-alignment="left" left-margin="25%" right-margin="0.0" top-margin="24.4%" type="label" vertical-alignment="top" width="51%">
		<ComponentValues darkColor="4" lightColor="1"/>
	</Component>
	<Component bottom-margin="0.0" height="5%" horizontal-alignment="left" left-margin="30%" right-margin="0.0" top-margin="1%" type="label" vertical-alignment="top" width="40.3%">
		<ComponentValues Line="2" darkColor="1" lightColor="3"/>
	</Component>
	<Component bottom-margin="0.0" height="10%" horizontal-alignment="left" left-margin="12%" right-margin="0.0" top-margin="3.5%" type="text-field" vertical-alignment="top" width="77%"/>
	<Component bottom-margin="0.0" height="10%" horizontal-alignment="left" left-margin="12%" right-margin="0.0" top-margin="%" type="text-field" vertical-alignment="top" width="77%"/>
	<Component bottom-margin="0.0" height="10%" horizontal-alignment="left" left-margin="12%" right-margin="0.0" top-margin="%" type="text-field" vertical-alignment="top" width="77%"/>
	<Component bottom-margin="0.0" height="9%" horizontal-alignment="left" left-margin="13%" right-margin="0.0" top-margin=".7%" type="button" vertical-alignment="top" width="75%"/>
</FlowLayout>
