<?xml version="1.0" encoding="UTF-8"?>
<FlowLayout bottom-margin="0.0" even="false" height="100.0%" horizontal="false" horizontal-alignment="left" left-margin="0.0" right-margin="0.0" top-margin="0.0" vertical-alignment="top" width="100.0%">
	<Component bottom-margin="0.0" height="63%" horizontal-alignment="left" left-margin="3%" right-margin="0.0" top-margin="19%" type="image" vertical-alignment="top" width="55%"/>
	<Component bottom-margin="0.0" height="4%" horizontal-alignment="left" left-margin="61%" right-margin="0.0" top-margin="-48%" type="label" vertical-alignment="top" width="26%">
		<ComponentValues darkColor="4" lightColor="1"/>
	</Component>
	<Component bottom-margin="0.0" height="11%" horizontal-alignment="left" left-margin="61%" right-margin="0.0" top-margin="4%" type="label" vertical-alignment="top" width="20%">
		<ComponentValues Line="2" darkColor="1" lightColor="3"/>
	</Component>
	<Component bottom-margin="0.0" height="12%" horizontal-alignment="left" left-margin="61%" right-margin="0.0" top-margin="2%" type="button" vertical-alignment="top" width="21.3%">
		<ComponentValues darkColor="0" lightColor="0"/>
	</Component>
</FlowLayout>