<?xml version="1.0" encoding="UTF-8"?>
<FlowLayout bottom-margin="0.0" even="false" height="100.0%" horizontal="false" horizontal-alignment="left" left-margin="0.0" right-margin="0.0" top-margin="0.0" vertical-alignment="top" width="100.0%">
	<Component bottom-margin="0.0" height="18%" horizontal-alignment="left" left-margin="5%" right-margin="0.0" top-margin="3%" type="image" vertical-alignment="top" width="30%"/>
	<Component bottom-margin="0.0" height="20" horizontal-alignment="left" left-margin="40%" right-margin="0.0" top-margin="-14%" type="label" vertical-alignment="top" width="50%">
		<ComponentValues darkColor="4" lightColor="1"/>
	</Component>
	<Component bottom-margin="0.0" height="4%" horizontal-alignment="left" left-margin="40%" right-margin="0.0" top-margin="2%" type="label" vertical-alignment="top" width="37.3%">
		<ComponentValues Line="2" darkColor="1" lightColor="3"/>
	</Component>
	<Component bottom-margin="0.0" height="60%" horizontal-alignment="left" left-margin="%" right-margin="0.0" top-margin="5%" type="image" vertical-alignment="top" width="100%"/>
	<Component bottom-margin="0.0" height="20" horizontal-alignment="left" left-margin="7%" right-margin="0.0" top-margin="1.6%" type="label" vertical-alignment="top" width="50%">
		<ComponentValues darkColor="4" lightColor="1"/>
	</Component>
	<Component bottom-margin="0.0" height="4%" horizontal-alignment="left" left-margin="7%" right-margin="0.0" top-margin="2%" type="label" vertical-alignment="top" width="37.3%">
		<ComponentValues Line="2" darkColor="1" lightColor="3"/>
	</Component>
</FlowLayout>