<?xml version="1.0" encoding="UTF-8"?>
<FlowLayout bottom-margin="0.0" even="false" height="100.0%" horizontal="true" horizontal-alignment="left" left-margin="0.0" right-margin="0.0" top-margin="0.0" vertical-alignment="top" width="100.0%">
	<Component bottom-margin="0.0" height="4%" horizontal-alignment="left" left-margin="34%" right-margin="0.0" top-margin="20.6%" type="label" vertical-alignment="top" width="32.7%">
		<ComponentValues darkColor="4" lightColor="1"/>
	</Component>
	<Component bottom-margin="0.0" height="17%" horizontal-alignment="left" left-margin="-52%" right-margin="0.0" top-margin="41.6%" type="image" vertical-alignment="top" width="9%">
		<ComponentValues darkColor="1" imageType="circle" lightColor="3"/>
	</Component>
	<Component bottom-margin="0.0" height="4%" horizontal-alignment="left" left-margin="-17%" right-margin="0.0" top-margin="63%" type="label" vertical-alignment="top" width="25%">
		<ComponentValues darkColor="4" lightColor="1"/>
	</Component>
	<Component bottom-margin="0.0" height="8%" horizontal-alignment="left" left-margin="-22%" right-margin="0.0" top-margin="72%" type="label" vertical-alignment="top" width="18.5%">
		<ComponentValues Line="2" darkColor="1" lightColor="3"/>
	</Component>
	<Component bottom-margin="0.0" height="17%" horizontal-alignment="left" left-margin="18%" right-margin="0.0" top-margin="41.6%" type="image" vertical-alignment="top" width="9%">
		<ComponentValues darkColor="1" imageType="circle" lightColor="3"/>
	</Component>
	<Component bottom-margin="0.0" height="4%" horizontal-alignment="left" left-margin="-17%" right-margin="0.0" top-margin="63%" type="label" vertical-alignment="top" width="25%">
		<ComponentValues darkColor="4" lightColor="1"/>
	</Component>
	<Component bottom-margin="0.0" height="8%" horizontal-alignment="left" left-margin="-22%" right-margin="0.0" top-margin="72%" type="label" vertical-alignment="top" width="18.5%">
		<ComponentValues Line="2" darkColor="1" lightColor="3"/>
	</Component>
	<Component bottom-margin="0.0" height="17%" horizontal-alignment="left" left-margin="17%" right-margin="0.0" top-margin="41.6%" type="image" vertical-alignment="top" width="9%">
		<ComponentValues darkColor="1" imageType="circle" lightColor="3"/>
	</Component>
	<Component bottom-margin="0.0" height="4%" horizontal-alignment="left" left-margin="-17%" right-margin="0.0" top-margin="63%" type="label" vertical-alignment="top" width="25%">
		<ComponentValues darkColor="4" lightColor="1"/>
	</Component>
	<Component bottom-margin="0.0" height="8%" horizontal-alignment="left" left-margin="-22%" right-margin="0.0" top-margin="72%" type="label" vertical-alignment="top" width="18.5%">
		<ComponentValues Line="2" darkColor="1" lightColor="3"/>
	</Component>
</FlowLayout>