<?xml version="1.0" encoding="UTF-8"?>
<FlowLayout bottom-margin="0.0" even="false" height="100.0%" horizontal="false" horizontal-alignment="left" left-margin="0.0" right-margin="0.0" top-margin="0.0" vertical-alignment="top" width="100.0%">
	<FlowLayout bottom-margin="0.0" even="false" height="10.0%" horizontal="false" horizontal-alignment="left" left-margin="0.0" right-margin="0.0" top-margin="0.0" vertical-alignment="top" width="100.0%">
		<Component bottom-margin="0.0" height="100%" horizontal-alignment="left" left-margin="0%" right-margin="0.0" top-margin="0%" type="image" vertical-alignment="top" width="100%">
			<ComponentValues darkColor="1" lightColor="3"/>
		</Component>
	</FlowLayout>
	<FlowLayout bottom-margin="0.0" even="false" height="2.0%" horizontal="false" horizontal-alignment="left" left-margin="0.0" right-margin="0.0" top-margin="0.0" vertical-alignment="top" width="100.0%">
		<Component bottom-margin="0.0" height="100%" horizontal-alignment="left" left-margin="0%" right-margin="0.0" top-margin="6%" type="image" vertical-alignment="top" width="100%">
			<ComponentValues darkColor="3" lightColor="5"/>
		</Component>
	</FlowLayout>
	<FlowLayout bottom-margin="0.0" even="false" height="88.0%" horizontal="true" horizontal-alignment="left" left-margin="0.0" right-margin="0.0" top-margin="0.0" vertical-alignment="top" width="100.0%">
		<Component bottom-margin="0.0" height="15%" horizontal-alignment="left" left-margin="45.1%" right-margin="0.0" top-margin="23%" type="image" vertical-alignment="top" width="10%">
			<ComponentValues darkColor="1" lightColor="3"/>
		</Component>
		<Component bottom-margin="0.0" height="5%" horizontal-alignment="left" left-margin="-21.3%" right-margin="0.0" top-margin="45.2%" type="label" vertical-alignment="top" width="33%">
			<ComponentValues darkColor="4" lightColor="1"/>
		</Component>
		<Component bottom-margin="0.0" height="8%" horizontal-alignment="left" left-margin="-29%" right-margin="0.0" top-margin="53%" type="label" vertical-alignment="top" width="25%">
			<ComponentValues Line="2" darkColor="1" lightColor="3"/>
		</Component>
		<Component bottom-margin="0.0" height="11%" horizontal-alignment="left" left-margin="-22.3%" right-margin="0.0" top-margin="67%" type="button" vertical-alignment="top" width="19.7%">
			<ComponentValues darkColor="0" lightColor="0"/>
		</Component>
	</FlowLayout>
</FlowLayout>