<?xml version="1.0" encoding="UTF-8"?>
<FlowLayout bottom-margin="0.0" even="false" height="100.0%" horizontal="false" horizontal-alignment="left" left-margin="0.0" right-margin="0.0" top-margin="0.0" vertical-alignment="top" width="100.0%">
	<FlowLayout bottom-margin="0.0" even="false" height="10.0%" horizontal="false" horizontal-alignment="left" left-margin="0.0" right-margin="0.0" top-margin="0.0" vertical-alignment="top" width="100.0%">
		<Component bottom-margin="0.0" height="53%" horizontal-alignment="left" left-margin="%" right-margin="0.0" top-margin="35%" type="image" vertical-alignment="top" width="100%"/>
	</FlowLayout>
	<FlowLayout bottom-margin="0.0" even="false" height="90.0%" horizontal="true" horizontal-alignment="left" left-margin="0.0" right-margin="0.0" top-margin="0.0" vertical-alignment="top" width="100.0%">
		<Component bottom-margin="0.0" height="20%" horizontal-alignment="left" left-margin="5.5%" right-margin="0.0" top-margin="1%" type="image" vertical-alignment="top" width="29%"/>
		<Component bottom-margin="0.0" height="4%" horizontal-alignment="left" left-margin="6%" right-margin="0.0" top-margin="6%" type="label" vertical-alignment="top" width="50.3%">
			<ComponentValues darkColor="4" lightColor="1"/>
		</Component>
		<Component bottom-margin="0.0" height="6%" horizontal-alignment="left" left-margin="-50%" right-margin="0.0" top-margin="11%" type="label" vertical-alignment="top" width="38%">
			<ComponentValues Line="2" darkColor="1" lightColor="3"/>
		</Component>
		<Component bottom-margin="0.0" height="20%" horizontal-alignment="left" left-margin="-73.5%" right-margin="0.0" top-margin="23.5%" type="image" vertical-alignment="top" width="29%"/>
		<Component bottom-margin="0.0" height="4%" horizontal-alignment="left" left-margin="6%" right-margin="0.0" top-margin="28%" type="label" vertical-alignment="top" width="50.3%">
			<ComponentValues darkColor="4" lightColor="1"/>
		</Component>
		<Component bottom-margin="0.0" height="6%" horizontal-alignment="left" left-margin="-50%" right-margin="0.0" top-margin="33%" type="label" vertical-alignment="top" width="38%">
			<ComponentValues Line="2" darkColor="1" lightColor="3"/>
		</Component>
		<Component bottom-margin="0.0" height="20%" horizontal-alignment="left" left-margin="-73.5%" right-margin="0.0" top-margin="45.5%" type="image" vertical-alignment="top" width="29%"/>
		<Component bottom-margin="0.0" height="4%" horizontal-alignment="left" left-margin="6%" right-margin="0.0" top-margin="50%" type="label" vertical-alignment="top" width="50.3%">
			<ComponentValues darkColor="4" lightColor="1"/>
		</Component>
		<Component bottom-margin="0.0" height="6%" horizontal-alignment="left" left-margin="-50%" right-margin="0.0" top-margin="55.5%" type="label" vertical-alignment="top" width="38%">
			<ComponentValues Line="2" darkColor="1" lightColor="3"/>
		</Component>
		<Component bottom-margin="0.0" height="20%" horizontal-alignment="left" left-margin="-73.5%" right-margin="0.0" top-margin="67.5%" type="image" vertical-alignment="top" width="29%"/>
		<Component bottom-margin="0.0" height="4%" horizontal-alignment="left" left-margin="6%" right-margin="0.0" top-margin="72.5%" type="label" vertical-alignment="top" width="50.3%">
			<ComponentValues darkColor="4" lightColor="1"/>
		</Component>
		<Component bottom-margin="0.0" height="6%" horizontal-alignment="left" left-margin="-50%" right-margin="0.0" top-margin="77.5%" type="label" vertical-alignment="top" width="38%">
			<ComponentValues Line="2" darkColor="1" lightColor="3"/>
		</Component>
	</FlowLayout>
</FlowLayout>