<?xml version="1.0" encoding="UTF-8"?>
<FlowLayout bottom-margin="0.0" even="false" height="100.0%" horizontal="true" horizontal-alignment="left" left-margin="0.0" right-margin="0.0" top-margin="0.0" vertical-alignment="top" width="100.0%">
	<Component bottom-margin="0.0" height="12%" horizontal-alignment="left" left-margin="5.5%" right-margin="0.0" top-margin="77%" type="button" vertical-alignment="top" width="27%">
		<ComponentValues darkColor="0" lightColor="0"/>
	</Component>
	<Component bottom-margin="0.0" height="12%" horizontal-alignment="left" left-margin="4.5%" right-margin="0.0" top-margin="77%" type="button" vertical-alignment="top" width="27%">
		<ComponentValues darkColor="0" lightColor="0"/>
	</Component>
	<Component bottom-margin="0.0" height="12%" horizontal-alignment="left" left-margin="4%" right-margin="0.0" top-margin="77%" type="button" vertical-alignment="top" width="27%">
		<ComponentValues darkColor="0" lightColor="0"/>
	</Component>
	<Component bottom-margin="0.0" height="21%" horizontal-alignment="left" left-margin="-82%" right-margin="0.0" top-margin="10%" type="image" vertical-alignment="top" width="12%">
		<ComponentValues darkColor="1" imageType="circle" lightColor="3"/>
	</Component>
	<Component bottom-margin="0.0" height="15%" horizontal-alignment="left" left-margin="-10.5%" right-margin="0.0" top-margin="32%" type="image" vertical-alignment="top" width="9%">
		<ComponentValues Line="3" darkColor="1" lightColor="3"/>
	</Component>
	<Component bottom-margin="0.0" height="21%" horizontal-alignment="left" left-margin="21%" right-margin="0.0" top-margin="10%" type="image" vertical-alignment="top" width="12%">
		<ComponentValues darkColor="1" imageType="circle" lightColor="3"/>
	</Component>
	<Component bottom-margin="0.0" height="25%" horizontal-alignment="left" left-margin="-10%" right-margin="0.0" top-margin="32%" type="image" vertical-alignment="top" width="9%">
		<ComponentValues Line="5" darkColor="1" lightColor="3"/>
	</Component>
	<Component bottom-margin="0.0" height="21%" horizontal-alignment="left" left-margin="20.5%" right-margin="0.0" top-margin="10%" type="image" vertical-alignment="top" width="12%">
		<ComponentValues darkColor="1" imageType="circle" lightColor="3"/>
	</Component>
	<Component bottom-margin="0.0" height="35%" horizontal-alignment="left" left-margin="-10.5%" right-margin="0.0" top-margin="32%" type="image" vertical-alignment="top" width="9%">
		<ComponentValues Line="7" darkColor="1" lightColor="3"/>
	</Component>
</FlowLayout>