<?xml version="1.0" encoding="UTF-8"?>
<FlowLayout bottom-margin="0.0" even="false" height="100.0%" horizontal="false" horizontal-alignment="left" left-margin="0.0" right-margin="0.0" top-margin="0.0" vertical-alignment="top" width="100.0%">
	<FlowLayout bottom-margin="0.0" even="false" height="50.0%" horizontal="false" horizontal-alignment="left" left-margin="0.0" right-margin="0.0" top-margin="0.0" vertical-alignment="top" width="100.0%">
		<Component bottom-margin="0.0" height="67%" horizontal-alignment="left" left-margin="0%" right-margin="0.0" top-margin="0%" type="image" vertical-alignment="top" width="100%">
			<ComponentValues darkColor="1" lightColor="3"/>
		</Component>
		<Component bottom-margin="0.0" height="6%" horizontal-alignment="left" left-margin="8%" right-margin="0.0" top-margin="10%" type="label" vertical-alignment="top" width="48%">
			<ComponentValues darkColor="4" lightColor="1"/>
		</Component>
		<Component bottom-margin="0.0" height="6%" horizontal-alignment="left" left-margin="8%" right-margin="0.0" top-margin="4%" type="label" vertical-alignment="top" width="37%">
			<ComponentValues Line="1" darkColor="1" lightColor="3"/>
		</Component>
	</FlowLayout>
	<FlowLayout bottom-margin="0.0" even="false" height="50.0%" horizontal="true" horizontal-alignment="left" left-margin="0.0" right-margin="0.0" top-margin="0.0" vertical-alignment="top" width="100.0%">
		<Component bottom-margin="0.0" height="67%" horizontal-alignment="left" left-margin="0%" right-margin="0.0" top-margin="0%" type="image" vertical-alignment="top" width="100%">
			<ComponentValues darkColor="1" lightColor="3"/>
		</Component>
		<Component bottom-margin="0.0" height="6%" horizontal-alignment="left" left-margin="-92%" right-margin="0.0" top-margin="77.3%" type="label" vertical-alignment="top" width="48%">
			<ComponentValues darkColor="4" lightColor="1"/>
		</Component>
		<Component bottom-margin="0.0" height="6%" horizontal-alignment="left" left-margin="-48%" right-margin="0.0" top-margin="87%" type="label" vertical-alignment="top" width="37%">
			<ComponentValues Line="1" darkColor="1" lightColor="3"/>
		</Component>
	</FlowLayout>
</FlowLayout>
