<?xml version="1.0" encoding="UTF-8"?>
<FlowLayout bottom-margin="0.0" even="false" height="100.0%" horizontal="false" horizontal-alignment="left" left-margin="0.0" right-margin="0.0" top-margin="0.0" vertical-alignment="top" width="100.0%">
	<Component bottom-margin="0.0" height="18%" horizontal-alignment="left" left-margin="33%" right-margin="0.0" top-margin="21%" type="image" vertical-alignment="top" width="35%"/>
	<Component bottom-margin="0.0" height="18%" horizontal-alignment="left" left-margin="%" right-margin="0.0" top-margin="13.5%" type="image" vertical-alignment="top" width="100%"/>
	<Component bottom-margin="0.0" height="5%" horizontal-alignment="left" left-margin="25%" right-margin="0.0" top-margin="2%" type="label" vertical-alignment="top" width="50%">
		<ComponentValues darkColor="4" lightColor="1"/>
	</Component>
	<Component bottom-margin="0.0" height="5%" horizontal-alignment="left" left-margin="30%" right-margin="0.0" top-margin=".5%" type="label" vertical-alignment="top" width="40%">
		<ComponentValues Line="2" darkColor="1" lightColor="3"/>
	</Component>
	<Component bottom-margin="0.0" height="11%" horizontal-alignment="left" left-margin="10%" right-margin="0.0" top-margin="3%" type="button" vertical-alignment="top" width="39.3%">
		<ComponentValues darkColor="1" lightColor="3"/>
	</Component>
	<Component bottom-margin="0.0" height="11%" horizontal-alignment="left" left-margin="51%" right-margin="0.0" top-margin="-11%" type="button" vertical-alignment="top" width="39.3%">
		<ComponentValues darkColor="1" lightColor="3"/>
	</Component>
</FlowLayout>