<?xml version="1.0" encoding="UTF-8"?>
<FlowLayout bottom-margin="0.0" even="false" height="100.0%" horizontal="false" horizontal-alignment="left" left-margin="0.0" right-margin="0.0" top-margin="0.0" vertical-alignment="top" width="100.0%">
	<Component bottom-margin="0.0" height="10%" horizontal-alignment="left" left-margin="83%" right-margin="0.0" top-margin="1%" type="image" vertical-alignment="top" width="15%"/>
	<Component bottom-margin="0.0" height="18%" horizontal-alignment="left" left-margin="35%" right-margin="0.0" top-margin="30%" type="image" vertical-alignment="top" width="29.3%"/>
	<Component bottom-margin="0.0" height="9%" horizontal-alignment="left" left-margin="10%" right-margin="0.0" top-margin="28%" type="button" vertical-alignment="top" width="40.3%">
		<ComponentValues darkColor="1" lightColor="3"/>
	</Component>
	<Component bottom-margin="0.0" height="9%" horizontal-alignment="left" left-margin="51%" right-margin="0.0" top-margin="-9%" type="button" vertical-alignment="top" width="40.3%">
		<ComponentValues darkColor="1" lightColor="3"/>
	</Component>
</FlowLayout>