<?xml version="1.0" encoding="UTF-8"?>
<FlowLayout bottom-margin="0.0" even="false" height="100.0%" horizontal="false" horizontal-alignment="left" left-margin="0.0" right-margin="0.0" top-margin="0.0" vertical-alignment="top" width="100.0%">
	<Component bottom-margin="0.0" height="94.0%" horizontal-alignment="left" left-margin="9%" right-margin="0.0" top-margin="5.6%" type="image" vertical-alignment="top" width="40.9%"/>
	<Component bottom-margin="0.0" height="4.0%" horizontal-alignment="left" left-margin="60.9%" right-margin="0.0" top-margin="-65.4%" type="label" vertical-alignment="top" width="25.5%">
		<ComponentValues darkColor="4" lightColor="1"/>
	</Component>
	<Component bottom-margin="0.0" height="9.0%" horizontal-alignment="left" left-margin="60.9%" right-margin="0.0" top-margin="5.%" type="label" vertical-alignment="top" width="20%">
		<ComponentValues Line="2" darkColor="1" lightColor="3"/>
	</Component>
	<Component bottom-margin="0.0" height="13.0%" horizontal-alignment="left" left-margin="60.9%" right-margin="0.0" top-margin="2.4%" type="button" vertical-alignment="top" width="20%">
		<ComponentValues darkColor="0" lightColor="0"/>
	</Component>
</FlowLayout>