<?xml version="1.0" encoding="UTF-8"?>
<FlowLayout bottom-margin="0.0" even="false" height="100.0%" horizontal="true" horizontal-alignment="left" left-margin="0.0" right-margin="0.0" top-margin="0.0" vertical-alignment="top" width="100.0%">
	<Component bottom-margin="0.0" height="4%" horizontal-alignment="left" left-margin="34%" right-margin="0.0" top-margin="26%" type="label" vertical-alignment="top" width="32.7%">
		<ComponentValues darkColor="4" lightColor="1"/>
	</Component>
	<Component bottom-margin="0.0" height="7%" horizontal-alignment="left" left-margin="-28.6%" right-margin="0.0" top-margin="35%" type="label" vertical-alignment="top" width="24.%">
		<ComponentValues Line="2" darkColor="1" lightColor="3"/>
	</Component>
	<Component bottom-margin="0.0" height="4%" horizontal-alignment="left" left-margin="-55.5%" right-margin="0.0" top-margin="58%" type="label" vertical-alignment="top" width="24.7%">
		<ComponentValues darkColor="4" lightColor="1"/>
	</Component>
	<Component bottom-margin="0.0" height="8%" horizontal-alignment="left" left-margin="-21.6%" right-margin="0.0" top-margin="66%" type="label" vertical-alignment="top" width="19.%">
		<ComponentValues Line="2" darkColor="1" lightColor="3"/>
	</Component>
	<Component bottom-margin="0.0" height="4%" horizontal-alignment="left" left-margin="9%" right-margin="0.0" top-margin="58%" type="label" vertical-alignment="top" width="24.7%">
		<ComponentValues darkColor="4" lightColor="1"/>
	</Component>
	<Component bottom-margin="0.0" height="8%" horizontal-alignment="left" left-margin="-21.6%" right-margin="0.0" top-margin="66%" type="label" vertical-alignment="top" width="19.%">
		<ComponentValues Line="2" darkColor="1" lightColor="3"/>
	</Component>
	<Component bottom-margin="0.0" height="4%" horizontal-alignment="left" left-margin="9%" right-margin="0.0" top-margin="58%" type="label" vertical-alignment="top" width="24.7%">
		<ComponentValues darkColor="4" lightColor="1"/>
	</Component>
	<Component bottom-margin="0.0" height="8%" horizontal-alignment="left" left-margin="-21.6%" right-margin="0.0" top-margin="66%" type="label" vertical-alignment="top" width="19.%">
		<ComponentValues Line="2" darkColor="1" lightColor="3"/>
	</Component>
</FlowLayout>