<?xml version="1.0" encoding="UTF-8"?>
<FlowLayout bottom-margin="0.0" even="false" height="100.0%" horizontal="false" horizontal-alignment="left" left-margin="0.0" right-margin="0.0" top-margin="0.0" vertical-alignment="top" width="100.0%">
	<Component bottom-margin="0.0" height="4.0%" horizontal-alignment="center" left-margin="3.0%" right-margin="0.0" top-margin="8.0%" type="label" vertical-alignment="top" width="23.9%">
		<ComponentValues lightColor="1"/>
	</Component>
	<Component bottom-margin="0.0" height="13.0%" horizontal-alignment="center" left-margin="3.0%" right-margin="0.0" top-margin="5.0%" type="label" vertical-alignment="top" width="94.7%">
		<ComponentValues Line="3" darkColor="1" lightColor="3"/>
	</Component>
	<Component bottom-margin="0.0" height="40.0%" horizontal-alignment="center" left-margin="3.0%" right-margin="0.0" top-margin="4.3%" type="image" vertical-alignment="top" width="42.9%">
		<ComponentValues darkColor="1" lightColor="3"/>
	</Component>
	<Component bottom-margin="0.0" height="40.0%" horizontal-alignment="center" left-margin="48.9%" right-margin="0.0" top-margin="-40%" type="label" vertical-alignment="top" width="48.9%">
		<ComponentValues Line="8" lightColor="3"/>
	</Component>
	<Component bottom-margin="0.0" height="13.0%" horizontal-alignment="center" left-margin="3.0%" right-margin="0.0" top-margin="5.0%" type="label" vertical-alignment="top" width="94.7%">
		<ComponentValues Line="3" lightColor="3"/>
	</Component>
</FlowLayout>