<?xml version="1.0" encoding="UTF-8"?>
<FlowLayout bottom-margin="0.0" even="false" height="100.0%" horizontal="false" horizontal-alignment="left" left-margin="0.0" right-margin="0.0" top-margin="0.0" vertical-alignment="top" width="100.0%">
	<Component bottom-margin="0.0" height="4.0%" horizontal-alignment="left" left-margin="33.9%" right-margin="0.0" top-margin="30.%" type="label" vertical-alignment="top" width="33%">
		<ComponentValues lightColor="1"/>
	</Component>
	<Component bottom-margin="0.0" height="4.0%" horizontal-alignment="left" left-margin="9%" right-margin="0.0" top-margin="20.4%" type="label" vertical-alignment="top" width="32.6%">
		<ComponentValues lightColor="1"/>
	</Component>
	<Component bottom-margin="0.0" height="8.0%" horizontal-alignment="left" left-margin="9.%" right-margin="0.0" top-margin="4.4%" type="label" vertical-alignment="top" width="24.5%">
		<ComponentValues Line="2" lightColor="3"/>
	</Component>
	<Component bottom-margin="0.0" height="4.0%" horizontal-alignment="left" left-margin="59.1%" right-margin="0.0" top-margin="-16.9%" type="label" vertical-alignment="top" width="32.6%">
		<ComponentValues lightColor="1"/>
	</Component>
	<Component bottom-margin="0.0" height="8.0%" horizontal-alignment="left" left-margin="59.1%" right-margin="0.0" top-margin="4.4%" type="label" vertical-alignment="top" width="24.5%">
		<ComponentValues Line="2" lightColor="3"/>
	</Component>
</FlowLayout>