<?xml version="1.0" encoding="UTF-8"?>
<FlowLayout bottom-margin="0.0" even="false" height="100.0%" horizontal="false" horizontal-alignment="left" left-margin="0.0" right-margin="0.0" top-margin="0.0" vertical-alignment="top" width="100.0%">
	<FlowLayout bottom-margin="0.0" even="false" height="23.%" horizontal="true" horizontal-alignment="left" left-margin="0.0" right-margin="0.0" top-margin="0.0" vertical-alignment="top" width="100.0%">
		<Component bottom-margin="0.0" height="16.0%" horizontal-alignment="center" left-margin="34.0%" right-margin="0.0" top-margin="60.0%" type="label" vertical-alignment="top" width="32.5%">
			<ComponentValues lightColor="1"/>
		</Component>
	</FlowLayout>
	<FlowLayout bottom-margin="0.0" even="false" height="33.8%" horizontal="true" horizontal-alignment="left" left-margin="0.0" right-margin="0.0" top-margin="0.0" vertical-alignment="top" width="100.0%">
		<Component bottom-margin="0.0" height="7.0%" horizontal-alignment="center" left-margin="15.5%" right-margin="0.0" top-margin="13.6%" type="label" vertical-alignment="top" width="7.3%">
			<ComponentValues lightColor="3"/>
		</Component>
		<Component bottom-margin="0.0" height="7.0%" horizontal-alignment="center" left-margin="23.8%" right-margin="0.0" top-margin="13.6%" type="label" vertical-alignment="top" width="7.3%">
			<ComponentValues lightColor="3"/>
		</Component>
		<Component bottom-margin="0.0" height="7.0%" horizontal-alignment="center" left-margin="23.9%" right-margin="0.0" top-margin="13.6%" type="label" vertical-alignment="top" width="7.3%">
			<ComponentValues lightColor="3"/>
		</Component>
		<Component bottom-margin="0.0" height="10.8%" horizontal-alignment="center" left-margin="-77.9%" right-margin="0.0%" top-margin="36.6%" type="label" vertical-alignment="top" width="23.9%">
			<ComponentValues lightColor="1"/>
		</Component>
		<Component bottom-margin="0.0" height="10.8%" horizontal-alignment="center" left-margin="7.3%" right-margin="0.0%" top-margin="36.6%" type="label" vertical-alignment="top" width="23.9%">
			<ComponentValues lightColor="1"/>
		</Component>
		<Component bottom-margin="0.0" height="10.8%" horizontal-alignment="center" left-margin="7.1%" right-margin="0.0%" top-margin="36.6%" type="label" vertical-alignment="top" width="23.9%">
			<ComponentValues lightColor="1"/>
		</Component>
		<Component bottom-margin="0.0" height="22.8%" horizontal-alignment="center" left-margin="-83.1%" right-margin="0.0%" top-margin="63.6%" type="label" vertical-alignment="top" width="17.9%">
			<ComponentValues Line="2" lightColor="3"/>
		</Component>
		<Component bottom-margin="0.0" height="22.8%" horizontal-alignment="center" left-margin="13.3%" right-margin="0.0%" top-margin="63.6%" type="label" vertical-alignment="top" width="17.9%">
			<ComponentValues Line="2" darkColor="1" lightColor="3"/>
		</Component>
		<Component bottom-margin="0.0" height="22.8%" horizontal-alignment="center" left-margin="13.1%" right-margin="0.0%" top-margin="63.6%" type="label" vertical-alignment="top" width="17.9%">
			<ComponentValues Line="2" darkColor="1" lightColor="3"/>
		</Component>
	</FlowLayout>
	<FlowLayout bottom-margin="0.0" even="false" height="43.8%" horizontal="true" horizontal-alignment="left" left-margin="0.0" right-margin="0.0" top-margin="0.0" vertical-alignment="top" width="100.0%">
		<Component bottom-margin="0.0" height="7.0%" horizontal-alignment="center" left-margin="15.5%" right-margin="0.0" top-margin="12%" type="label" vertical-alignment="top" width="7.3%">
			<ComponentValues lightColor="3"/>
		</Component>
		<Component bottom-margin="0.0" height="7.0%" horizontal-alignment="center" left-margin="23.8%" right-margin="0.0" top-margin="12%" type="label" vertical-alignment="top" width="7.3%">
			<ComponentValues lightColor="3"/>
		</Component>
		<Component bottom-margin="0.0" height="7.0%" horizontal-alignment="center" left-margin="23.9%" right-margin="0.0" top-margin="12%" type="label" vertical-alignment="top" width="7.3%">
			<ComponentValues lightColor="3"/>
		</Component>
		<Component bottom-margin="0.0" height="10.8%" horizontal-alignment="center" left-margin="-77.9%" right-margin="0.0%" top-margin="29%" type="label" vertical-alignment="top" width="23.9%">
			<ComponentValues lightColor="1"/>
		</Component>
		<Component bottom-margin="0.0" height="10.8%" horizontal-alignment="center" left-margin="7.3%" right-margin="0.0%" top-margin="29%" type="label" vertical-alignment="top" width="23.9%">
			<ComponentValues lightColor="1"/>
		</Component>
		<Component bottom-margin="0.0" height="10.8%" horizontal-alignment="center" left-margin="7.1%" right-margin="0.0%" top-margin="29%" type="label" vertical-alignment="top" width="23.9%">
			<ComponentValues lightColor="1"/>
		</Component>
		<Component bottom-margin="0.0" height="16.8%" horizontal-alignment="center" left-margin="-83.1%" right-margin="0.0%" top-margin="50.6%" type="label" vertical-alignment="top" width="17.9%">
			<ComponentValues Line="2" darkColor="1" lightColor="3"/>
		</Component>
		<Component bottom-margin="0.0" height="16.8%" horizontal-alignment="center" left-margin="13.3%" right-margin="0.0%" top-margin="50.6%" type="label" vertical-alignment="top" width="17.9%">
			<ComponentValues Line="2" lightColor="3"/>
		</Component>
		<Component bottom-margin="0.0" height="16.8%" horizontal-alignment="center" left-margin="13.1%" right-margin="0.0%" top-margin="50.6%" type="label" vertical-alignment="top" width="17.9%">
			<ComponentValues Line="2" darkColor="1" lightColor="3"/>
		</Component>
	</FlowLayout>
</FlowLayout>
