<?xml version="1.0" encoding="UTF-8"?>
<FlowLayout bottom-margin="0.0" even="false" height="100.0%" horizontal="false" horizontal-alignment="left" left-margin="0.0" right-margin="0.0" top-margin="0.0" vertical-alignment="top" width="100.0%">

<FlowLayout bottom-margin="0.0" even="false" height="32.0%" horizontal="false" horizontal-alignment="left" left-margin="0.0" right-margin="0.0" top-margin="0.0" vertical-alignment="top" width="100.0%">
	<Component bottom-margin="0.0" height="100%" horizontal-alignment="left" left-margin="%" right-margin="0.0" top-margin="%" type="image" vertical-alignment="top" width="100%"/>

</FlowLayout>

<FlowLayout bottom-margin="0.0" even="false" height="68.0%" horizontal="true" horizontal-alignment="left" left-margin="0.0" right-margin="0.0" top-margin="0.0" vertical-alignment="top" width="100.0%">

<Component bottom-margin="0.0" height="34%" horizontal-alignment="left" left-margin="7%" right-margin="0.0" top-margin="6.4%" type="image" vertical-alignment="top" width="40%"/>
<Component bottom-margin="0.0" height="34%" horizontal-alignment="left" left-margin="6%" right-margin="0.0" top-margin="6.4%" type="image" vertical-alignment="top" width="40%"/>

<Component bottom-margin="0.0" height="34%" horizontal-alignment="left" left-margin="-86%" right-margin="0.0" top-margin="47.4%" type="image" vertical-alignment="top" width="40%"/>
<Component bottom-margin="0.0" height="34%" horizontal-alignment="left" left-margin="6%" right-margin="0.0" top-margin="47.4%" type="image" vertical-alignment="top" width="40%"/>
<Component bottom-margin="0.0" height="11%" horizontal-alignment="left" left-margin="-66%" right-margin="0.0" top-margin="85.4%" type="image" vertical-alignment="top" width="49%"/>

</FlowLayout>








</FlowLayout>
