<?xml version="1.0" encoding="UTF-8"?>
<FlowLayout bottom-margin="0.0" even="false" height="100.0%" horizontal="false" horizontal-alignment="left" left-margin="0.0" right-margin="0.0" top-margin="0.0" vertical-alignment="top" width="100.0%">
	<FlowLayout bottom-margin="0.0" even="false" height="50.0%" horizontal="false" horizontal-alignment="left" left-margin="0.0" right-margin="0.0" top-margin="0.0" vertical-alignment="top" width="100.0%">
		<Component bottom-margin="0.0" height="68%" horizontal-alignment="left" left-margin="0%" right-margin="0.0" top-margin="0%" type="image" vertical-alignment="top" width="100%"/>
		<Component bottom-margin="0.0" height="23%" horizontal-alignment="left" left-margin="65.5%" right-margin="0.0" top-margin="7%" type="image" vertical-alignment="top" width="29%"/>
		<Component bottom-margin="0.0" height="6%" horizontal-alignment="left" left-margin="7%" right-margin="0.0" top-margin="-21%" type="label" vertical-alignment="top" width="50.3%">
			<ComponentValues darkColor="4" lightColor="1"/>
		</Component>
		<Component bottom-margin="0.0" height="12%" horizontal-alignment="left" left-margin="7%" right-margin="0.0" top-margin="1.5%" type="label" vertical-alignment="top" width="38%">
			<ComponentValues Line="2" darkColor="1" lightColor="3"/>
		</Component>
	</FlowLayout>
	<FlowLayout bottom-margin="0.0" even="false" height="50.0%" horizontal="true" horizontal-alignment="left" left-margin="0.0" right-margin="0.0" top-margin="0.0" vertical-alignment="top" width="100.0%">
		<Component bottom-margin="0.0" height="68%" horizontal-alignment="left" left-margin="-0%" right-margin="0.0" top-margin="0%" type="image" vertical-alignment="top" width="100%"/>
		<Component bottom-margin="0.0" height="6%" horizontal-alignment="left" left-margin="-92%" right-margin="0.0" top-margin="77%" type="label" vertical-alignment="top" width="50.3%">
			<ComponentValues darkColor="4" lightColor="1"/>
		</Component>
		<Component bottom-margin="0.0" height="12%" horizontal-alignment="left" left-margin="-50%" right-margin="0.0" top-margin="84%" type="label" vertical-alignment="top" width="38%">
			<ComponentValues Line="2" darkColor="1" lightColor="3"/>
		</Component>
		<Component bottom-margin="0.0" height="23%" horizontal-alignment="left" left-margin="19%" right-margin="0.0" top-margin="75%" type="image" vertical-alignment="top" width="29%"/>
	</FlowLayout>
</FlowLayout>