<?xml version="1.0" encoding="UTF-8"?>
<FlowLayout bottom-margin="0.0" even="false" height="100.0%" horizontal="true" horizontal-alignment="left" left-margin="0.0" right-margin="0.0" top-margin="0.0" vertical-alignment="top" width="100.0%">
	<Component bottom-margin="0.0" height="4.0%" horizontal-alignment="left" left-margin="33.9%" right-margin="0.0" top-margin="13.4%" type="label" vertical-alignment="top" width="32.5%">
		<ComponentValues lightColor="1"/>
	</Component>
	<Component bottom-margin="0.0" height="38%" horizontal-alignment="left" left-margin="-57%" right-margin="0.0" top-margin="27.7%" type="image" vertical-alignment="top" width="32.2%">
		<ComponentValues darkColor="1" lightColor="3"/>
	</Component>
	<Component bottom-margin="0.0" height="4%" horizontal-alignment="left" left-margin="-32.6%" right-margin="0.0" top-margin="71.0%" type="label" vertical-alignment="top" width="32.6%">
		<ComponentValues lightColor="1"/>
	</Component>
	<Component bottom-margin="0.0" height="7%" horizontal-alignment="left" left-margin="-32.6%" right-margin="0.0" top-margin="80.0%" type="label" vertical-alignment="top" width="24.6%">
		<ComponentValues Line="2" lightColor="3"/>
	</Component>
	<Component bottom-margin="0.0" height="38%" horizontal-alignment="left" left-margin="26%" right-margin="0.0" top-margin="27.7%" type="image" vertical-alignment="top" width="32.2%">
		<ComponentValues darkColor="1" lightColor="3"/>
	</Component>
	<Component bottom-margin="0.0" height="4%" horizontal-alignment="left" left-margin="-32.6%" right-margin="0.0" top-margin="71.0%" type="label" vertical-alignment="top" width="32.6%">
		<ComponentValues lightColor="1"/>
	</Component>
	<Component bottom-margin="0.0" height="7%" horizontal-alignment="left" left-margin="-32.6%" right-margin="0.0" top-margin="80.0%" type="label" vertical-alignment="top" width="24.6%">
		<ComponentValues Line="2" lightColor="3"/>
	</Component>
</FlowLayout>