<?xml version="1.0" encoding="UTF-8"?>
<FlowLayout bottom-margin="0.0" even="false" height="100.0%" horizontal="false" horizontal-alignment="left" left-margin="0.0" right-margin="0.0" top-margin="0.0" vertical-alignment="top" width="100.0%">
	<Component bottom-margin="0.0" height="90.0%" horizontal-alignment="left" left-margin="3%" right-margin="0.0" top-margin="5.6%" type="image" vertical-alignment="top" width="50.9%">
		<ComponentValues darkColor="1" lightColor="3"/>
	</Component>
	<Component bottom-margin="0.0" height="4.0%" horizontal-alignment="left" left-margin="60.9%" right-margin="0.0" top-margin="-53.4%" type="label" vertical-alignment="top" width="32.5%">
		<ComponentValues lightColor="1"/>
	</Component>
	<Component bottom-margin="0.0" height="7.0%" horizontal-alignment="left" left-margin="60.9%" right-margin="0.0" top-margin="5.%" type="label" vertical-alignment="top" width="24%">
		<ComponentValues Line="2" lightColor="3"/>
	</Component>
</FlowLayout>