<?xml version="1.0" encoding="UTF-8"?>
<FlowLayout bottom-margin="0.0" even="false" height="100.0%" horizontal="false" horizontal-alignment="left" left-margin="0.0" right-margin="0.0" top-margin="0.0" vertical-alignment="top" width="100.0%">
	<FlowLayout bottom-margin="0.0" even="false" height="50.0%" horizontal="true" horizontal-alignment="left" left-margin="0.0" right-margin="0.0" top-margin="0.0" vertical-alignment="top" width="100.0%">
		<Component bottom-margin="0.0" height="72%" horizontal-alignment="left" left-margin="7%" right-margin="0.0" top-margin="8%" type="image" vertical-alignment="top" width="40%">
			<ComponentValues darkColor="1" lightColor="3"/>
		</Component>
		<Component bottom-margin="0.0" height="12%" horizontal-alignment="left" left-margin="-40%" right-margin="0.0" top-margin="85%" type="label" vertical-alignment="top" width="41%">
			<ComponentValues Line="2" darkColor="1" lightColor="3"/>
		</Component>
		<Component bottom-margin="0.0" height="72%" horizontal-alignment="left" left-margin="5%" right-margin="0.0" top-margin="8%" type="image" vertical-alignment="top" width="40%">
			<ComponentValues darkColor="1" lightColor="3"/>
		</Component>
		<Component bottom-margin="0.0" height="12%" horizontal-alignment="left" left-margin="-40%" right-margin="0.0" top-margin="85%" type="label" vertical-alignment="top" width="41%">
			<ComponentValues Line="2" darkColor="1" lightColor="3"/>
		</Component>
	</FlowLayout>
	<FlowLayout bottom-margin="0.0" even="false" height="50.0%" horizontal="true" horizontal-alignment="left" left-margin="0.0" right-margin="0.0" top-margin="0.0" vertical-alignment="top" width="100.0%">
		<Component bottom-margin="0.0" height="72%" horizontal-alignment="left" left-margin="7%" right-margin="0.0" top-margin="3%" type="image" vertical-alignment="top" width="40%">
			<ComponentValues darkColor="1" lightColor="3"/>
		</Component>
		<Component bottom-margin="0.0" height="12%" horizontal-alignment="left" left-margin="-40%" right-margin="0.0" top-margin="80%" type="label" vertical-alignment="top" width="41%">
			<ComponentValues Line="2" darkColor="1" lightColor="3"/>
		</Component>
		<Component bottom-margin="0.0" height="72%" horizontal-alignment="left" left-margin="5%" right-margin="0.0" top-margin="3%" type="image" vertical-alignment="top" width="40%">
			<ComponentValues darkColor="1" lightColor="3"/>
		</Component>
		<Component bottom-margin="0.0" height="12%" horizontal-alignment="left" left-margin="-40%" right-margin="0.0" top-margin="80%" type="label" vertical-alignment="top" width="41%">
			<ComponentValues Line="2" darkColor="1" lightColor="3"/>
		</Component>
	</FlowLayout>
</FlowLayout>