<?xml version="1.0" encoding="UTF-8"?>
<FlowLayout bottom-margin="0.0" even="false" height="100.0%" horizontal="true" horizontal-alignment="left" left-margin="0.0" right-margin="0.0" top-margin="0.0" vertical-alignment="top" width="100.0%">
	<Component bottom-margin="0.0" height="40.0%" horizontal-alignment="left" left-margin="2%" right-margin="0.0" top-margin="19.4%" type="image" vertical-alignment="top" width="26.%">
		<ComponentValues lightColor="3"/>
	</Component>
	<Component bottom-margin="0.0" height="4.0%" horizontal-alignment="left" left-margin="-25.4%" right-margin="0.0" top-margin="63.4%" type="label" vertical-alignment="top" width="24.5%">
		<ComponentValues lightColor="1"/>
	</Component>
	<Component bottom-margin="0.0" height="8%" horizontal-alignment="left" left-margin="-24.3%" right-margin="0.0" top-margin="72.0%" type="label" vertical-alignment="top" width="18.6%">
		<ComponentValues Line="2" darkColor="1" lightColor="3"/>
	</Component>
	<Component bottom-margin="0.0" height="40.0%" horizontal-alignment="left" left-margin="16%" right-margin="0.0" top-margin="19.4%" type="image" vertical-alignment="top" width="26.%">
		<ComponentValues darkColor="1" lightColor="3"/>
	</Component>
	<Component bottom-margin="0.0" height="4.0%" horizontal-alignment="left" left-margin="-25%" right-margin="0.0" top-margin="63.4%" type="label" vertical-alignment="top" width="24.5%">
		<ComponentValues lightColor="1"/>
	</Component>
	<Component bottom-margin="0.0" height="8%" horizontal-alignment="left" left-margin="-25%" right-margin="0.0" top-margin="72.0%" type="label" vertical-alignment="top" width="18.6%">
		<ComponentValues Line="2" lightColor="3"/>
	</Component>
	<Component bottom-margin="0.0" height="40.0%" horizontal-alignment="left" left-margin="16%" right-margin="0.0" top-margin="19.4%" type="image" vertical-alignment="top" width="26.%">
		<ComponentValues darkColor="1" lightColor="3"/>
	</Component>
	<Component bottom-margin="0.0" height="4.0%" horizontal-alignment="left" left-margin="-25%" right-margin="0.0" top-margin="63.4%" type="label" vertical-alignment="top" width="24.5%">
		<ComponentValues lightColor="1"/>
	</Component>
	<Component bottom-margin="0.0" height="8%" horizontal-alignment="left" left-margin="-24.3%" right-margin="0.0" top-margin="72.0%" type="label" vertical-alignment="top" width="18.6%">
		<ComponentValues Line="2" darkColor="1" lightColor="3"/>
	</Component>
</FlowLayout>