<?xml version="1.0" encoding="UTF-8"?>
<FlowLayout bottom-margin="0.0" even="false" height="100.0%" horizontal="false" horizontal-alignment="left" left-margin="0.0" right-margin="0.0" top-margin="0.0" vertical-alignment="top" width="100.0%">
	<FlowLayout bottom-margin="0.0" even="false" height="12.0%" horizontal="false" horizontal-alignment="left" left-margin="0.0" right-margin="0.0" top-margin="0.0" vertical-alignment="top" width="100.0%">
		<Component bottom-margin="0.0" height="20%" horizontal-alignment="left" left-margin="25%" right-margin="0.0" top-margin="40%" type="label" vertical-alignment="top" width="50%">
			<ComponentValues darkColor="4" lightColor="1"/>
		</Component>
	</FlowLayout>
	<FlowLayout bottom-margin="0.0" even="false" height="21.0%" horizontal="false" horizontal-alignment="left" left-margin="0.0" right-margin="0.0" top-margin="0.0" vertical-alignment="top" width="100.0%">
		<Component bottom-margin="0.0" height="8%" horizontal-alignment="left" left-margin="20.5%" right-margin="0.0" top-margin="24%" type="label" vertical-alignment="top" width="10%">
			<ComponentValues darkColor="1" lightColor="3"/>
		</Component>
		<Component bottom-margin="0.0" height="12%" horizontal-alignment="left" left-margin="7.5%" right-margin="0.0" top-margin="12%" type="label" vertical-alignment="top" width="36%">
			<ComponentValues darkColor="4" lightColor="1"/>
		</Component>
		<Component bottom-margin="0.0" height="23%" horizontal-alignment="left" left-margin="13%" right-margin="0.0" top-margin="9%" type="label" vertical-alignment="top" width="25%">
			<ComponentValues Line="2" darkColor="1" lightColor="3"/>
		</Component>
		<Component bottom-margin="0.0" height="8%" horizontal-alignment="left" left-margin="70.5%" right-margin="0.0" top-margin="-64%" type="label" vertical-alignment="top" width="10%">
			<ComponentValues darkColor="1" lightColor="3"/>
		</Component>
		<Component bottom-margin="0.0" height="12%" horizontal-alignment="left" left-margin="57.5%" right-margin="0.0" top-margin="12%" type="label" vertical-alignment="top" width="36%">
			<ComponentValues darkColor="4" lightColor="1"/>
		</Component>
		<Component bottom-margin="0.0" height="23%" horizontal-alignment="left" left-margin="63%" right-margin="0.0" top-margin="9%" type="label" vertical-alignment="top" width="25%">
			<ComponentValues Line="2" darkColor="1" lightColor="3"/>
		</Component>
	</FlowLayout>
	<FlowLayout bottom-margin="0.0" even="false" height="18.0%" horizontal="false" horizontal-alignment="left" left-margin="0.0" right-margin="0.0" top-margin="0.0" vertical-alignment="top" width="100.0%">
		<Component bottom-margin="0.0" height="8%" horizontal-alignment="left" left-margin="20.5%" right-margin="0.0" top-margin="11%" type="label" vertical-alignment="top" width="10%">
			<ComponentValues darkColor="1" lightColor="3"/>
		</Component>
		<Component bottom-margin="0.0" height="12%" horizontal-alignment="left" left-margin="7.5%" right-margin="0.0" top-margin="12%" type="label" vertical-alignment="top" width="36%">
			<ComponentValues darkColor="4" lightColor="1"/>
		</Component>
		<Component bottom-margin="0.0" height="23%" horizontal-alignment="left" left-margin="13%" right-margin="0.0" top-margin="14%" type="label" vertical-alignment="top" width="25%">
			<ComponentValues Line="2" darkColor="1" lightColor="3"/>
		</Component>
		<Component bottom-margin="0.0" height="8%" horizontal-alignment="left" left-margin="70.5%" right-margin="0.0" top-margin="-68%" type="label" vertical-alignment="top" width="10%">
			<ComponentValues darkColor="1" lightColor="3"/>
		</Component>
		<Component bottom-margin="0.0" height="12%" horizontal-alignment="left" left-margin="57.5%" right-margin="0.0" top-margin="12%" type="label" vertical-alignment="top" width="36%">
			<ComponentValues darkColor="4"/>
		</Component>
		<Component bottom-margin="0.0" height="23%" horizontal-alignment="left" left-margin="63%" right-margin="0.0" top-margin="14%" type="label" vertical-alignment="top" width="25%">
			<ComponentValues Line="2" darkColor="1" lightColor="3"/>
		</Component>
	</FlowLayout>
	<FlowLayout bottom-margin="0.0" even="false" height="17.0%" horizontal="false" horizontal-alignment="left" left-margin="0.0" right-margin="0.0" top-margin="0.0" vertical-alignment="top" width="100.0%">
		<Component bottom-margin="0.0" height="8%" horizontal-alignment="left" left-margin="20.5%" right-margin="0.0" top-margin="11%" type="label" vertical-alignment="top" width="10%">
			<ComponentValues darkColor="1" lightColor="3"/>
		</Component>
		<Component bottom-margin="0.0" height="12%" horizontal-alignment="left" left-margin="7.5%" right-margin="0.0" top-margin="12%" type="label" vertical-alignment="top" width="36%">
			<ComponentValues darkColor="4" lightColor="1"/>
		</Component>
		<Component bottom-margin="0.0" height="23%" horizontal-alignment="left" left-margin="13%" right-margin="0.0" top-margin="14%" type="label" vertical-alignment="top" width="25%">
			<ComponentValues Line="2" darkColor="1" lightColor="3"/>
		</Component>
		<Component bottom-margin="0.0" height="8%" horizontal-alignment="left" left-margin="70.5%" right-margin="0.0" top-margin="-68%" type="label" vertical-alignment="top" width="10%">
			<ComponentValues darkColor="1" lightColor="3"/>
		</Component>
		<Component bottom-margin="0.0" height="12%" horizontal-alignment="left" left-margin="57.5%" right-margin="0.0" top-margin="12%" type="label" vertical-alignment="top" width="36%">
			<ComponentValues darkColor="4"/>
		</Component>
		<Component bottom-margin="0.0" height="23%" horizontal-alignment="left" left-margin="63%" right-margin="0.0" top-margin="14%" type="label" vertical-alignment="top" width="25%">
			<ComponentValues Line="2" darkColor="1" lightColor="3"/>
		</Component>
	</FlowLayout>
	<FlowLayout bottom-margin="0.0" even="false" height="17.0%" horizontal="false" horizontal-alignment="left" left-margin="0.0" right-margin="0.0" top-margin="0.0" vertical-alignment="top" width="100.0%">
		<Component bottom-margin="0.0" height="8%" horizontal-alignment="left" left-margin="20.5%" right-margin="0.0" top-margin="11%" type="label" vertical-alignment="top" width="10%">
			<ComponentValues darkColor="1" lightColor="3"/>
		</Component>
		<Component bottom-margin="0.0" height="12%" horizontal-alignment="left" left-margin="7.5%" right-margin="0.0" top-margin="12%" type="label" vertical-alignment="top" width="36%">
			<ComponentValues darkColor="4" lightColor="1"/>
		</Component>
		<Component bottom-margin="0.0" height="23%" horizontal-alignment="left" left-margin="13%" right-margin="0.0" top-margin="14%" type="label" vertical-alignment="top" width="25%">
			<ComponentValues Line="2" darkColor="1" lightColor="3"/>
		</Component>
		<Component bottom-margin="0.0" height="8%" horizontal-alignment="left" left-margin="70.5%" right-margin="0.0" top-margin="-68%" type="label" vertical-alignment="top" width="10%">
			<ComponentValues darkColor="1" lightColor="3"/>
		</Component>
		<Component bottom-margin="0.0" height="12%" horizontal-alignment="left" left-margin="57.5%" right-margin="0.0" top-margin="12%" type="label" vertical-alignment="top" width="36%">
			<ComponentValues darkColor="4" lightColor="1"/>
		</Component>
		<Component bottom-margin="0.0" height="23%" horizontal-alignment="left" left-margin="63%" right-margin="0.0" top-margin="14%" type="label" vertical-alignment="top" width="25%">
			<ComponentValues Line="2" darkColor="1" lightColor="3"/>
		</Component>
	</FlowLayout>
	<FlowLayout bottom-margin="0.0" even="false" height="15.0%" horizontal="false" horizontal-alignment="left" left-margin="0.0" right-margin="0.0" top-margin="0.0" vertical-alignment="top" width="100.0%">
		<Component bottom-margin="0.0" height="25%" horizontal-alignment="left" left-margin="25%" right-margin="0.0" top-margin="46%" type="image" vertical-alignment="top" width="50%">
			<ComponentValues darkColor="1" lightColor="3"/>
		</Component>
	</FlowLayout>
</FlowLayout>