<?xml version="1.0" encoding="UTF-8"?>
<FlowLayout bottom-margin="0.0" even="false" height="100.0%" horizontal="false" horizontal-alignment="left" left-margin="0.0" right-margin="0.0" top-margin="0.0" vertical-alignment="top" width="100.0%">
	<Component bottom-margin="0.0" height="4.0%" horizontal-alignment="left" left-margin="34.3%" right-margin="0.0" top-margin="11.4%" type="label" vertical-alignment="top" width="32%">
		<ComponentValues lightColor="1"/>
	</Component>
	<Component bottom-margin="0.0" height="60.0%" horizontal-alignment="left" left-margin="10.%" right-margin="0.0" top-margin="11%" type="image" vertical-alignment="top" width="81%">
		<ComponentValues darkColor="1" lightColor="3"/>
	</Component>
	<Component bottom-margin="0.0" height="4.0%" horizontal-alignment="left" left-margin="43%" right-margin="0.0" top-margin="5%" type="image" vertical-alignment="top" width="15%">
		<ComponentValues lightColor="3"/>
	</Component>
</FlowLayout>