<?xml version="1.0" encoding="UTF-8"?>
<FlowLayout bottom-margin="0.0" even="false" height="100.0%" horizontal="false" horizontal-alignment="left" left-margin="0.0" right-margin="0.0" top-margin="0.0" vertical-alignment="top" width="100.0%">
	<FlowLayout bottom-margin="0.0" even="false" height="20.0%" horizontal="false" horizontal-alignment="left" left-margin="0.0" right-margin="0.0" top-margin="0.0" vertical-alignment="top" width="100.0%">
		<Component bottom-margin="0.0" height="14%" horizontal-alignment="left" left-margin="23%" right-margin="0.0" top-margin="24%" type="label" vertical-alignment="top" width="54.3%">
			<ComponentValues darkColor="4" lightColor="1"/>
		</Component>
		<Component bottom-margin="0.0" height="27%" horizontal-alignment="left" left-margin="30%" right-margin="0.0" top-margin="7%" type="label" vertical-alignment="top" width="40%">
			<ComponentValues Line="2" darkColor="1" lightColor="3"/>
		</Component>
	</FlowLayout>
	<FlowLayout bottom-margin="0.0" even="false" height="80.0%" horizontal="true" horizontal-alignment="left" left-margin="0.0" right-margin="0.0" top-margin="0.0" vertical-alignment="top" width="100.0%">
		<Component bottom-margin="0.0" height="50%" horizontal-alignment="left" left-margin="%" right-margin="0.0" top-margin="9%" type="image" vertical-alignment="top" width="100%"/>
		<Component bottom-margin="0.0" height="20%" horizontal-alignment="left" left-margin="-63%" right-margin="0.0" top-margin="76%" type="image" vertical-alignment="top" width="27%"/>
	</FlowLayout>
</FlowLayout>