<?xml version="1.0" encoding="UTF-8"?>
<FlowLayout bottom-margin="0.0" even="false" height="100.0%" horizontal="true" horizontal-alignment="left" left-margin="0.0" right-margin="0.0" top-margin="0.0" vertical-alignment="top" width="100.0%">
	<Component bottom-margin="0.0" height="12%" horizontal-alignment="left" left-margin="2.5%" right-margin="0.0" top-margin="4%" type="image" vertical-alignment="top" width="95.7%">
		<ComponentValues darkColor="1" lightColor="3"/>
	</Component>
	<Component bottom-margin="0.0" height="22%" horizontal-alignment="left" left-margin="-95.5%" right-margin="0.0" top-margin="25%" type="image" vertical-alignment="top" width="15.3%">
		<ComponentValues darkColor="1" lightColor="3"/>
	</Component>
	<Component bottom-margin="0.0" height="8%" horizontal-alignment="left" left-margin="5.5%" right-margin="0.0" top-margin="32%" type="label" vertical-alignment="top" width="18.3%">
		<ComponentValues Line="2" darkColor="1" lightColor="3"/>
	</Component>
	<Component bottom-margin="0.0" height="20%" horizontal-alignment="left" left-margin="45.5%" right-margin="0.0" top-margin="26%" type="image" vertical-alignment="top" width="11.3%">
		<ComponentValues darkColor="2" lightColor="4"/>
	</Component>
	<Component bottom-margin="0.0" height="22%" horizontal-alignment="left" left-margin="-95.5%" right-margin="0.0" top-margin="53%" type="image" vertical-alignment="top" width="15.3%">
		<ComponentValues darkColor="1" lightColor="3"/>
	</Component>
	<Component bottom-margin="0.0" height="8%" horizontal-alignment="left" left-margin="5.5%" right-margin="0.0" top-margin="60%" type="label" vertical-alignment="top" width="18.3%">
		<ComponentValues Line="2" darkColor="1" lightColor="3"/>
	</Component>
	<Component bottom-margin="0.0" height="20%" horizontal-alignment="left" left-margin="45.5%" right-margin="0.0" top-margin="54%" type="image" vertical-alignment="top" width="11.3%">
		<ComponentValues darkColor="2" lightColor="4"/>
	</Component>
	<Component bottom-margin="0.0" height="13%" horizontal-alignment="left" left-margin="-58.7%" right-margin="0.0" top-margin="84%" type="button" vertical-alignment="top" width="21%">
		<ComponentValues darkColor="0" lightColor="0"/>
	</Component>
</FlowLayout>