<?xml version="1.0" encoding="UTF-8"?>
<FlowLayout bottom-margin="0.0" even="false" height="100.0%" horizontal="true" horizontal-alignment="left" left-margin="0.0" right-margin="0.0" top-margin="0.0" vertical-alignment="top" width="100.0%">
	<Component bottom-margin="0.0" height="27%" horizontal-alignment="left" left-margin="13%" right-margin="0.0" top-margin="7%" type="image" vertical-alignment="top" width="34%">
		<ComponentValues lightColor="3"/>
	</Component>
	<Component bottom-margin="0.0" height="9%" horizontal-alignment="left" left-margin="-34%" right-margin="0.0" top-margin="37%" type="label" vertical-alignment="top" width="27%">
		<ComponentValues Line="2" darkColor="1" lightColor="3"/>
	</Component>
	<Component bottom-margin="0.0" height="27%" horizontal-alignment="left" left-margin="13.5%" right-margin="0.0" top-margin="7%" type="image" vertical-alignment="top" width="34%">
		<ComponentValues lightColor="3"/>
	</Component>
	<Component bottom-margin="0.0" height="9%" horizontal-alignment="left" left-margin="-34%" right-margin="0.0" top-margin="37%" type="label" vertical-alignment="top" width="27%">
		<ComponentValues Line="2" darkColor="1" lightColor="3"/>
	</Component>
	<Component bottom-margin="0.0" height="27%" horizontal-alignment="left" left-margin="-67.5%" right-margin="0.0" top-margin="54%" type="image" vertical-alignment="top" width="34%">
		<ComponentValues lightColor="3"/>
	</Component>
	<Component bottom-margin="0.0" height="9%" horizontal-alignment="left" left-margin="-34%" right-margin="0.0" top-margin="84%" type="label" vertical-alignment="top" width="27%">
		<ComponentValues Line="2" darkColor="1" lightColor="3"/>
	</Component>
	<Component bottom-margin="0.0" height="27%" horizontal-alignment="left" left-margin="13.5%" right-margin="0.0" top-margin="54%" type="image" vertical-alignment="top" width="34%">
		<ComponentValues lightColor="3"/>
	</Component>
	<Component bottom-margin="0.0" height="9%" horizontal-alignment="left" left-margin="-34%" right-margin="0.0" top-margin="84%" type="label" vertical-alignment="top" width="27%">
		<ComponentValues Line="2" darkColor="1" lightColor="3"/>
	</Component>
</FlowLayout>