<?xml version="1.0" encoding="UTF-8"?>
<FlowLayout bottom-margin="0.0" even="false" height="100.0%" horizontal="false" horizontal-alignment="left" left-margin="0.0" right-margin="0.0" top-margin="0.0" vertical-alignment="top" width="100.0%">
	<Component bottom-margin="0.0" height="78%" horizontal-alignment="left" left-margin="42%" right-margin="0.0" top-margin="4.6%" type="image" vertical-alignment="top" width="58%"/>
	<Component bottom-margin="0.0" height="4.0%" horizontal-alignment="left" left-margin="5.9%" right-margin="0.0" top-margin="-40.4%" type="label" vertical-alignment="top" width="32%">
		<ComponentValues darkColor="4" lightColor="1"/>
	</Component>
	<Component bottom-margin="0.0" height="7.0%" horizontal-alignment="left" left-margin="5.9%" right-margin="0.0" top-margin="5.%" type="label" vertical-alignment="top" width="24%">
		<ComponentValues Line="2" darkColor="1" lightColor="3"/>
	</Component>
	<Component bottom-margin="0.0" height="7.0%" horizontal-alignment="left" left-margin="41.9%" right-margin="0.0" top-margin="26.9%" type="image" vertical-alignment="top" width="17%"/>
</FlowLayout>