<?xml version="1.0" encoding="UTF-8"?>
<FlowLayout bottom-margin="0.0" even="false" height="100.0%" horizontal="false" horizontal-alignment="left" left-margin="0.0" right-margin="0.0" top-margin="0.0" vertical-alignment="top" width="100.0%">
	<Component bottom-margin="0.0" height="3%" horizontal-alignment="left" left-margin="8%" right-margin="0.0" top-margin="5%" type="label" vertical-alignment="top" width="48%">
		<ComponentValues darkColor="4" lightColor="1"/>
	</Component>
	<Component bottom-margin="0.0" height="50%" horizontal-alignment="left" left-margin="8%" right-margin="0.0" top-margin="2%" type="label" vertical-alignment="top" width="85%">
		<ComponentValues Line="20" darkColor="1" lightColor="3"/>
	</Component>
	<Component bottom-margin="0.0" height="17%" horizontal-alignment="left" left-margin="7%" right-margin="0.0" top-margin="6.5%" type="image" vertical-alignment="top" width="27%">
		<ComponentValues darkColor="1" lightColor="3"/>
	</Component>
	<Component bottom-margin="0.0" height="3%" horizontal-alignment="left" left-margin="40%" right-margin="0.0" top-margin="-13%" type="label" vertical-alignment="top" width="50%">
		<ComponentValues darkColor="4" lightColor="1"/>
	</Component>
	<Component bottom-margin="0.0" height="5%" horizontal-alignment="left" left-margin="40%" right-margin="0.0" top-margin="2%" type="label" vertical-alignment="top" width="37%">
		<ComponentValues Line="2" darkColor="1" lightColor="3"/>
	</Component>
	<Component bottom-margin="0.0" height="10%" horizontal-alignment="left" left-margin="13%" right-margin="0.0" top-margin="6%" type="button" vertical-alignment="top" width="36.3%">
		<ComponentValues darkColor="1" lightColor="3"/>
	</Component>
	<Component bottom-margin="0.0" height="10%" horizontal-alignment="left" left-margin="51%" right-margin="0.0" top-margin="-10%" type="button" vertical-alignment="top" width="36.3%">
		<ComponentValues darkColor="1" lightColor="3"/>
	</Component>
</FlowLayout>