<?xml version="1.0" encoding="UTF-8"?>
<FlowLayout bottom-margin="0.0" even="false" height="100.0%" horizontal="true" horizontal-alignment="left" left-margin="0.0" right-margin="0.0" top-margin="0.0" vertical-alignment="top" width="100.0%">
	<Component bottom-margin="0.0" height="4%" horizontal-alignment="left" left-margin="37%" right-margin="0.0" top-margin="5%" type="label" vertical-alignment="top" width="26.7%">
		<ComponentValues darkColor="4" lightColor="1"/>
	</Component>
	<Component bottom-margin="0.0" height="9%" horizontal-alignment="left" left-margin="-25.6%" right-margin="0.0" top-margin="13%" type="label" vertical-alignment="top" width="24.%">
		<ComponentValues Line="2" darkColor="1" lightColor="3"/>
	</Component>
	<Component bottom-margin="0.0" height="26%" horizontal-alignment="left" left-margin="-55.5%" right-margin="0.0" top-margin="30%" type="image" vertical-alignment="top" width="24.7%">
		<ComponentValues lightColor="3"/>
	</Component>
	<Component bottom-margin="0.0" height="26%" horizontal-alignment="left" left-margin="6.5%" right-margin="0.0" top-margin="30%" type="image" vertical-alignment="top" width="24.7%">
		<ComponentValues lightColor="3"/>
	</Component>
	<Component bottom-margin="0.0" height="26%" horizontal-alignment="left" left-margin="6.5%" right-margin="0.0" top-margin="30%" type="image" vertical-alignment="top" width="24.7%">
		<ComponentValues lightColor="3"/>
	</Component>
	<Component bottom-margin="0.0" height="4%" horizontal-alignment="left" left-margin="-86.5%" right-margin="0.0" top-margin="60%" type="label" vertical-alignment="top" width="24.7%">
		<ComponentValues darkColor="4" lightColor="1"/>
	</Component>
	<Component bottom-margin="0.0" height="9%" horizontal-alignment="left" left-margin="-22%" right-margin="0.0" top-margin="68%" type="label" vertical-alignment="top" width="19.%">
		<ComponentValues Line="2" darkColor="1" lightColor="3"/>
	</Component>
	<Component bottom-margin="0.0" height="4%" horizontal-alignment="left" left-margin="9%" right-margin="0.0" top-margin="60%" type="label" vertical-alignment="top" width="24.7%">
		<ComponentValues darkColor="4" lightColor="1"/>
	</Component>
	<Component bottom-margin="0.0" height="9%" horizontal-alignment="left" left-margin="-21.6%" right-margin="0.0" top-margin="68%" type="label" vertical-alignment="top" width="19.%">
		<ComponentValues Line="2" darkColor="1" lightColor="3"/>
	</Component>
	<Component bottom-margin="0.0" height="4%" horizontal-alignment="left" left-margin="9%" right-margin="0.0" top-margin="60%" type="label" vertical-alignment="top" width="24.7%">
		<ComponentValues darkColor="4" lightColor="1"/>
	</Component>
	<Component bottom-margin="0.0" height="9%" horizontal-alignment="left" left-margin="-21.6%" right-margin="0.0" top-margin="68%" type="label" vertical-alignment="top" width="19.%">
		<ComponentValues Line="2" darkColor="1" lightColor="3"/>
	</Component>
	<Component bottom-margin="0.0" height="13%" horizontal-alignment="left" left-margin="-84.5%" right-margin="0.0" top-margin="84%" type="button" vertical-alignment="top" width="24.7%">
		<ComponentValues darkColor="0" lightColor="0"/>
	</Component>
	<Component bottom-margin="0.0" height="13%" horizontal-alignment="left" left-margin="6.5%" right-margin="0.0" top-margin="84%" type="button" vertical-alignment="top" width="24.7%">
		<ComponentValues darkColor="0" lightColor="0"/>
	</Component>
	<Component bottom-margin="0.0" height="13%" horizontal-alignment="left" left-margin="6.5%" right-margin="0.0" top-margin="84%" type="button" vertical-alignment="top" width="24.7%">
		<ComponentValues darkColor="0" lightColor="0"/>
	</Component>
</FlowLayout>