<?xml version="1.0" encoding="UTF-8"?>
<FlowLayout bottom-margin="0.0" even="false" height="100.0%" horizontal="false" horizontal-alignment="left" left-margin="0.0" right-margin="0.0" top-margin="0.0" vertical-alignment="top" width="100.0%">



<Component bottom-margin="0.0" height="17%" horizontal-alignment="left" left-margin="7%" right-margin="0.0" top-margin="5%" type="image" vertical-alignment="top" width="28%"/>
<Component bottom-margin="0.0" height="17%" horizontal-alignment="left" left-margin="6.5%" right-margin="0.0" top-margin="1.3%" type="image" vertical-alignment="top" width="28%"/>
<Component bottom-margin="0.0" height="17%" horizontal-alignment="left" left-margin="6.5%" right-margin="0.0" top-margin="1.3%" type="image" vertical-alignment="top" width="28%"/>
<Component bottom-margin="0.0" height="17%" horizontal-alignment="left" left-margin="6.5%" right-margin="0.0" top-margin="1.3%" type="image" vertical-alignment="top" width="28%"/>
<Component bottom-margin="0.0" height="17%" horizontal-alignment="left" left-margin="6.5%" right-margin="0.0" top-margin="1.3%" type="image" vertical-alignment="top" width="28%"/>

<Component bottom-margin="0.0" height="17%" horizontal-alignment="left" left-margin="36.5%" right-margin="0.0" top-margin="-90.2%" type="image" vertical-alignment="top" width="28%"/>
<Component bottom-margin="0.0" height="17%" horizontal-alignment="left" left-margin="36.5%" right-margin="0.0" top-margin="1.3%" type="image" vertical-alignment="top" width="28%"/>
<Component bottom-margin="0.0" height="17%" horizontal-alignment="left" left-margin="36.5%" right-margin="0.0" top-margin="1.3%" type="image" vertical-alignment="top" width="28%"/>
<Component bottom-margin="0.0" height="17%" horizontal-alignment="left" left-margin="36.5%" right-margin="0.0" top-margin="1.3%" type="image" vertical-alignment="top" width="28%"/>
<Component bottom-margin="0.0" height="17%" horizontal-alignment="left" left-margin="36.5%" right-margin="0.0" top-margin="1.3%" type="image" vertical-alignment="top" width="28%"/>

<Component bottom-margin="0.0" height="17%" horizontal-alignment="left" left-margin="66%" right-margin="0.0" top-margin="-90.2%" type="image" vertical-alignment="top" width="28%"/>
<Component bottom-margin="0.0" height="17%" horizontal-alignment="left" left-margin="66%" right-margin="0.0" top-margin="1.3%" type="image" vertical-alignment="top" width="28%"/>
<Component bottom-margin="0.0" height="17%" horizontal-alignment="left" left-margin="66%" right-margin="0.0" top-margin="1.3%" type="image" vertical-alignment="top" width="28%"/>
<Component bottom-margin="0.0" height="17%" horizontal-alignment="left" left-margin="66%" right-margin="0.0" top-margin="1.3%" type="image" vertical-alignment="top" width="28%"/>
<Component bottom-margin="0.0" height="17%" horizontal-alignment="left" left-margin="66%" right-margin="0.0" top-margin="1.3%" type="image" vertical-alignment="top" width="28%"/>
</FlowLayout>

