<?xml version="1.0" encoding="UTF-8"?>
<FlowLayout bottom-margin="0.0" even="false" height="100.0%" horizontal="false" horizontal-alignment="left" left-margin="0.0" right-margin="0.0" top-margin="0.0" vertical-alignment="top" width="100.0%">
	<FlowLayout bottom-margin="0.0" even="false" height="10.0%" horizontal="false" horizontal-alignment="left" left-margin="0.0" right-margin="0.0" top-margin="0.0" vertical-alignment="top" width="100.0%">
		<Component bottom-margin="0.0" height="100%" horizontal-alignment="left" left-margin="0%" right-margin="0.0" top-margin="0%" type="image" vertical-alignment="top" width="100%">
			<ComponentValues darkColor="1" lightColor="3"/>
		</Component>
	</FlowLayout>
	<FlowLayout bottom-margin="0.0" even="false" height="2.0%" horizontal="false" horizontal-alignment="left" left-margin="0.0" right-margin="0.0" top-margin="0.0" vertical-alignment="top" width="100.0%">
		<Component bottom-margin="0.0" height="100%" horizontal-alignment="left" left-margin="0%" right-margin="0.0" top-margin="6%" type="image" vertical-alignment="top" width="100%">
			<ComponentValues darkColor="3" lightColor="5"/>
		</Component>
	</FlowLayout>
	<FlowLayout bottom-margin="0.0" even="false" height="35.0%" horizontal="true" horizontal-alignment="left" left-margin="0.0" right-margin="0.0" top-margin="0.0" vertical-alignment="top" width="100.0%">
		<Component bottom-margin="0.0" height="9.5%" horizontal-alignment="left" left-margin="34%" right-margin="0.0" top-margin="34.6%" type="label" vertical-alignment="top" width="32.4%">
			<ComponentValues darkColor="4" lightColor="1"/>
		</Component>
		<Component bottom-margin="0.0" height="18%" horizontal-alignment="left" left-margin="-28.7%" right-margin="0.0" top-margin="53%" type="label" vertical-alignment="top" width="25%">
			<ComponentValues Line="2" darkColor="1" lightColor="3"/>
		</Component>
	</FlowLayout>
	<FlowLayout bottom-margin="0.0" even="false" height="53.0%" horizontal="true" horizontal-alignment="left" left-margin="0.0" right-margin="0.0" top-margin="0.0" vertical-alignment="top" width="100.0%">
		<Component bottom-margin="0.0" height="52%" horizontal-alignment="left" left-margin="2.4%" right-margin="0.0" top-margin="4%" type="image" vertical-alignment="top" width="25%">
			<ComponentValues darkColor="1" lightColor="3"/>
		</Component>
		<Component bottom-margin="0.0" height="5%" horizontal-alignment="left" left-margin="-24.7%" right-margin="0.0" top-margin="64%" type="label" vertical-alignment="top" width="24.6%">
			<ComponentValues darkColor="4" lightColor="1"/>
		</Component>
		<Component bottom-margin="0.0" height="11%" horizontal-alignment="left" left-margin="-24.7%" right-margin="0.0" top-margin="76%" type="label" vertical-alignment="top" width="19%">
			<ComponentValues Line="2" darkColor="1" lightColor="3"/>
		</Component>
		<Component bottom-margin="0.0" height="52%" horizontal-alignment="left" left-margin="16.1%" right-margin="0.0" top-margin="4%" type="image" vertical-alignment="top" width="25%">
			<ComponentValues darkColor="1" lightColor="3"/>
		</Component>
		<Component bottom-margin="0.0" height="5%" horizontal-alignment="left" left-margin="-24.7%" right-margin="0.0" top-margin="64%" type="label" vertical-alignment="top" width="24.6%">
			<ComponentValues darkColor="4" lightColor="1"/>
		</Component>
		<Component bottom-margin="0.0" height="11%" horizontal-alignment="left" left-margin="-24.7%" right-margin="0.0" top-margin="76%" type="label" vertical-alignment="top" width="19%">
			<ComponentValues Line="2" darkColor="1" lightColor="3"/>
		</Component>
		<Component bottom-margin="0.0" height="52%" horizontal-alignment="left" left-margin="16%" right-margin="0.0" top-margin="4%" type="image" vertical-alignment="top" width="25%">
			<ComponentValues darkColor="1" lightColor="3"/>
		</Component>
		<Component bottom-margin="0.0" height="5%" horizontal-alignment="left" left-margin="-24.7%" right-margin="0.0" top-margin="64%" type="label" vertical-alignment="top" width="24.6%">
			<ComponentValues darkColor="4" lightColor="1"/>
		</Component>
		<Component bottom-margin="0.0" height="11%" horizontal-alignment="left" left-margin="-24.7%" right-margin="0.0" top-margin="76%" type="label" vertical-alignment="top" width="19%">
			<ComponentValues Line="2" darkColor="1" lightColor="3"/>
		</Component>
	</FlowLayout>
</FlowLayout>