<?xml version="1.0" encoding="UTF-8"?>
<FlowLayout bottom-margin="0.0" even="false" height="100.0%" horizontal="true" horizontal-alignment="left" left-margin="0.0" right-margin="0.0" top-margin="0.0" vertical-alignment="top" width="100.0%">
	<Component bottom-margin="0.0" height="18.0%" horizontal-alignment="left" left-margin="8%" right-margin="0.0" top-margin="20.4%" type="image" vertical-alignment="top" width="12.5%">
		<ComponentValues darkColor="1" imageType="circle" lightColor="3"/>
	</Component>
	<Component bottom-margin="0.0" height="4.0%" horizontal-alignment="left" left-margin="-11.4%" right-margin="0.0" top-margin="42.4%" type="label" vertical-alignment="top" width="32.5%">
		<ComponentValues lightColor="1"/>
	</Component>
	<Component bottom-margin="0.0" height="7%" horizontal-alignment="left" left-margin="-32.7%" right-margin="0.0" top-margin="52.0%" type="label" vertical-alignment="top" width="24.%">
		<ComponentValues Line="2" lightColor="3"/>
	</Component>
	<Component bottom-margin="0.0" height="13%" horizontal-alignment="left" left-margin="-24.7%" right-margin="0.0" top-margin="68.0%" type="button" vertical-alignment="top" width="20.6%">
		<ComponentValues lightColor="0"/>
	</Component>
	<Component bottom-margin="0.0" height="18.0%" horizontal-alignment="left" left-margin="30.2%" right-margin="0.0" top-margin="20.4%" type="image" vertical-alignment="top" width="12.5%">
		<ComponentValues imageType="circle" lightColor="3"/>
	</Component>
	<Component bottom-margin="0.0" height="4.0%" horizontal-alignment="left" left-margin="-12.4%" right-margin="0.0" top-margin="42.4%" type="label" vertical-alignment="top" width="32.5%">
		<ComponentValues lightColor="1"/>
	</Component>
	<Component bottom-margin="0.0" height="7%" horizontal-alignment="left" left-margin="-32.7%" right-margin="0.0" top-margin="52.0%" type="label" vertical-alignment="top" width="24.%">
		<ComponentValues Line="2" lightColor="3"/>
	</Component>
	<Component bottom-margin="0.0" height="13%" horizontal-alignment="left" left-margin="-24.7%" right-margin="0.0" top-margin="68.0%" type="button" vertical-alignment="top" width="20.6%">
		<ComponentValues lightColor="0"/>
	</Component>
</FlowLayout>