<?xml version="1.0" encoding="UTF-8"?>
<FlowLayout bottom-margin="0.0" even="false" height="100.0%" horizontal="true" horizontal-alignment="left" left-margin="0.0" right-margin="0.0" top-margin="0.0" vertical-alignment="top" width="100.0%">
	<Component bottom-margin="0.0" height="62%" horizontal-alignment="left" left-margin="3%" right-margin="0.0" top-margin="3.7%" type="image" vertical-alignment="top" width="94.7%">
		<ComponentValues darkColor="1" lightColor="3"/>
	</Component>
	<Component bottom-margin="0.0" height="4%" horizontal-alignment="left" left-margin="-91%" right-margin="0.0" top-margin="74%" type="label" vertical-alignment="top" width="24.7%">
		<ComponentValues darkColor="4" lightColor="1"/>
	</Component>
	<Component bottom-margin="0.0" height="7%" horizontal-alignment="left" left-margin="-21.6%" right-margin="0.0" top-margin="83%" type="label" vertical-alignment="top" width="18.%">
		<ComponentValues Line="2" darkColor="1" lightColor="3"/>
	</Component>
	<Component bottom-margin="0.0" height="4%" horizontal-alignment="left" left-margin="10.3%" right-margin="0.0" top-margin="74%" type="label" vertical-alignment="top" width="24.7%">
		<ComponentValues darkColor="4" lightColor="1"/>
	</Component>
	<Component bottom-margin="0.0" height="7%" horizontal-alignment="left" left-margin="-21.6%" right-margin="0.0" top-margin="83%" type="label" vertical-alignment="top" width="18.%">
		<ComponentValues Line="2" darkColor="1" lightColor="3"/>
	</Component>
	<Component bottom-margin="0.0" height="4%" horizontal-alignment="left" left-margin="10%" right-margin="0.0" top-margin="74%" type="label" vertical-alignment="top" width="24.7%">
		<ComponentValues darkColor="4" lightColor="1"/>
	</Component>
	<Component bottom-margin="0.0" height="7%" horizontal-alignment="left" left-margin="-21.6%" right-margin="0.0" top-margin="83%" type="label" vertical-alignment="top" width="18.%">
		<ComponentValues Line="2" darkColor="1" lightColor="3"/>
	</Component>
</FlowLayout>