<?xml version="1.0" encoding="UTF-8"?>
<FlowLayout bottom-margin="0.0" even="false" height="100.0%" horizontal="false" horizontal-alignment="left" left-margin="0.0" right-margin="0.0" top-margin="0.0" vertical-alignment="top" width="100.0%">
	<FlowLayout bottom-margin="0.0" even="false" height="71.0%" horizontal="false" horizontal-alignment="left" left-margin="0.0" right-margin="0.0" top-margin="0.0" vertical-alignment="top" width="100.0%">
		<Component bottom-margin="0.0" height="4.9%" horizontal-alignment="left" left-margin="5.6%" right-margin="0.0" top-margin="41%" type="label" vertical-alignment="top" width="32.7%">
			<ComponentValues darkColor="4" lightColor="1"/>
		</Component>
		<Component bottom-margin="0.0" height="12%" horizontal-alignment="left" left-margin="5.6%" right-margin="0.0" top-margin="7%" type="label" vertical-alignment="top" width="23.9%">
			<ComponentValues Line="2" darkColor="1" lightColor="3"/>
		</Component>
		<Component bottom-margin="0.0" height="92%" horizontal-alignment="left" left-margin="47.6%" right-margin="0.0" top-margin="-59%" type="image" vertical-alignment="top" width="50.7%">
			<ComponentValues darkColor="1" lightColor="3"/>
		</Component>
	</FlowLayout>
	<FlowLayout bottom-margin="0.0" even="false" height="30.0%" horizontal="false" horizontal-alignment="left" left-margin="0.0" right-margin="0.0" top-margin="0.0" vertical-alignment="top" width="100.0%">
		<Component bottom-margin="0.0" height="57%" horizontal-alignment="left" left-margin="7.5%" right-margin="0.0" top-margin="8%" type="image" vertical-alignment="top" width="10.7%">
			<ComponentValues darkColor="1" imageType="circle" lightColor="3"/>
		</Component>
		<Component bottom-margin="0.0" height="12%" horizontal-alignment="left" left-margin="19.6%" right-margin="0.0" top-margin="-53%" type="label" vertical-alignment="top" width="23.9%">
			<ComponentValues darkColor="4" lightColor="1"/>
		</Component>
		<Component bottom-margin="0.0" height="25%" horizontal-alignment="left" left-margin="19.6%" right-margin="0.0" top-margin="18%" type="label" vertical-alignment="top" width="17.7%">
			<ComponentValues Line="2" darkColor="1" lightColor="3"/>
		</Component>
		<Component bottom-margin="0.0" height="55%" horizontal-alignment="left" left-margin="57.5%" right-margin="0.0" top-margin="-56.5%" type="image" vertical-alignment="top" width="10.7%">
			<ComponentValues darkColor="1" imageType="circle" lightColor="3"/>
		</Component>
		<Component bottom-margin="0.0" height="12%" horizontal-alignment="left" left-margin="69%" right-margin="0.0" top-margin="-54%" type="label" vertical-alignment="top" width="23.9%">
			<ComponentValues darkColor="4" lightColor="1"/>
		</Component>
		<Component bottom-margin="0.0" height="25%" horizontal-alignment="left" left-margin="68.9%" right-margin="0.0" top-margin="18%" type="label" vertical-alignment="top" width="17.7%">
			<ComponentValues Line="2" darkColor="1" lightColor="3"/>
		</Component>
	</FlowLayout>
</FlowLayout>