<?xml version="1.0" encoding="UTF-8"?>
<FlowLayout bottom-margin="0.0" even="false" height="100.0%" horizontal="true" horizontal-alignment="left" left-margin="0.0" right-margin="0.0" top-margin="0.0" vertical-alignment="top" width="100.0%">
	<Component bottom-margin="0.0" height="6%" horizontal-alignment="left" left-margin="37.5%" right-margin="0.0" top-margin="9%" type="label" vertical-alignment="top" width="26%">
		<ComponentValues darkColor="4" lightColor="1"/>
	</Component>
	<Component bottom-margin="0.0" height="75%" horizontal-alignment="left" left-margin="-53%" right-margin="0.0" top-margin="19%" type="image" vertical-alignment="top" width="80%">
		<ComponentValues darkColor="4" lightColor="3"/>
	</Component>
	<Component bottom-margin="0.0" height="21%" horizontal-alignment="left" left-margin="-65%" right-margin="0.0" top-margin="31%" type="image" vertical-alignment="top" width="12%">
		<ComponentValues darkColor="1" lightColor="3" imageType="circle"/>

	</Component>
	<Component bottom-margin="0.0" height="16%" horizontal-alignment="left" left-margin="-10.5%" right-margin="0.0" top-margin="53%" type="label" vertical-alignment="top" width="9%">
		<ComponentValues Line="3" darkColor="1" lightColor="3"/>/>
	</Component>
	<Component bottom-margin="0.0" height="21%" horizontal-alignment="left" left-margin="27.5%" right-margin="0.0" top-margin="25%" type="image" vertical-alignment="top" width="12%">
		<ComponentValues darkColor="1" lightColor="3" imageType="circle"/>

	</Component>
	<Component bottom-margin="0.0" height="26%" horizontal-alignment="left" left-margin="-10.5%" right-margin="0.0" top-margin="47%" type="label" vertical-alignment="top" width="9%">
		<ComponentValues Line="5" darkColor="1" lightColor="3"/>/>
	</Component>
</FlowLayout>
