<?xml version="1.0" encoding="UTF-8"?>
<FlowLayout bottom-margin="0.0" even="false" height="100.0%" horizontal="true" horizontal-alignment="left" left-margin="0.0" right-margin="0.0" top-margin="0.0" vertical-alignment="top" width="100.0%">
	<Component bottom-margin="0.0" height="20.0%" horizontal-alignment="left" left-margin="44.3%" right-margin="0.0" top-margin="24.5%" type="image" vertical-alignment="top" width="11.5%">
		<ComponentValues lightColor="3"/>
	</Component>
	<Component bottom-margin="0.0" height="4%" horizontal-alignment="left" left-margin="-21%" right-margin="0.0" top-margin="57.7%" type="label" vertical-alignment="top" width="32.2%">
		<ComponentValues lightColor="1"/>
	</Component>
	<Component bottom-margin="0.0" height="8%" horizontal-alignment="left" left-margin="-28%" right-margin="0.0" top-margin="66.0%" type="label" vertical-alignment="top" width="24%">
		<ComponentValues Line="2" darkColor="1" lightColor="3"/>
	</Component>
</FlowLayout>