<?xml version="1.0" encoding="UTF-8"?>
<FlowLayout bottom-margin="0.0" even="false" height="100.0%" horizontal="true" horizontal-alignment="left" left-margin="0.0" right-margin="0.0" top-margin="0.0" vertical-alignment="top" width="100.0%">
	<Component bottom-margin="0.0" height="18%" horizontal-alignment="left" left-margin="14.5%" right-margin="0.0" top-margin="6.5%" type="image" vertical-alignment="top" width="10.7%">
		<ComponentValues darkColor="1" imageType="circle" lightColor="3"/>
	</Component>
	<Component bottom-margin="0.0" height="5%" horizontal-alignment="left" left-margin="-17%" right-margin="0.0" top-margin="28%" type="label" vertical-alignment="top" width="23.7%">
		<ComponentValues darkColor="4" lightColor="1"/>
	</Component>
	<Component bottom-margin="0.0" height="8%" horizontal-alignment="left" left-margin="-21%" right-margin="0.0" top-margin="37%" type="label" vertical-alignment="top" width="17.7%">
		<ComponentValues Line="2" darkColor="1" lightColor="3"/>
	</Component>
	<Component bottom-margin="0.0" height="18%" horizontal-alignment="left" left-margin="17%" right-margin="0.0" top-margin="6.5%" type="image" vertical-alignment="top" width="10.7%">
		<ComponentValues darkColor="1" imageType="circle" lightColor="3"/>
	</Component>
	<Component bottom-margin="0.0" height="5%" horizontal-alignment="left" left-margin="-17%" right-margin="0.0" top-margin="28%" type="label" vertical-alignment="top" width="23.7%">
		<ComponentValues darkColor="4" lightColor="1"/>
	</Component>
	<Component bottom-margin="0.0" height="8%" horizontal-alignment="left" left-margin="-21%" right-margin="0.0" top-margin="37%" type="label" vertical-alignment="top" width="17.7%">
		<ComponentValues Line="2" darkColor="1" lightColor="3"/>
	</Component>
	<Component bottom-margin="0.0" height="18%" horizontal-alignment="left" left-margin="17%" right-margin="0.0" top-margin="6.5%" type="image" vertical-alignment="top" width="10.7%">
		<ComponentValues darkColor="1" imageType="circle" lightColor="3"/>
	</Component>
	<Component bottom-margin="0.0" height="5%" horizontal-alignment="left" left-margin="-18%" right-margin="0.0" top-margin="28%" type="label" vertical-alignment="top" width="23.7%">
		<ComponentValues darkColor="4" lightColor="1"/>
	</Component>
	<Component bottom-margin="0.0" height="8%" horizontal-alignment="left" left-margin="-21%" right-margin="0.0" top-margin="37%" type="label" vertical-alignment="top" width="17.7%">
		<ComponentValues Line="2" darkColor="1" lightColor="3"/>
	</Component>
	<Component bottom-margin="0.0" height="18%" horizontal-alignment="left" left-margin="-75.5%" right-margin="0.0" top-margin="54.5%" type="image" vertical-alignment="top" width="10.7%">
		<ComponentValues darkColor="1" imageType="circle" lightColor="3"/>
	</Component>
	<Component bottom-margin="0.0" height="5%" horizontal-alignment="left" left-margin="-18%" right-margin="0.0" top-margin="76.5%" type="label" vertical-alignment="top" width="23.7%">
		<ComponentValues darkColor="4" lightColor="1"/>
	</Component>
	<Component bottom-margin="0.0" height="8%" horizontal-alignment="left" left-margin="-21%" right-margin="0.0" top-margin="86%" type="label" vertical-alignment="top" width="17.7%">
		<ComponentValues Line="2" darkColor="1" lightColor="3"/>
	</Component>
	<Component bottom-margin="0.0" height="18%" horizontal-alignment="left" left-margin="18%" right-margin="0.0" top-margin="54.5%" type="image" vertical-alignment="top" width="10.7%">
		<ComponentValues darkColor="1" imageType="circle" lightColor="3"/>
	</Component>
	<Component bottom-margin="0.0" height="5%" horizontal-alignment="left" left-margin="-17%" right-margin="0.0" top-margin="76.5%" type="label" vertical-alignment="top" width="23.7%">
		<ComponentValues darkColor="4" lightColor="1"/>
	</Component>
	<Component bottom-margin="0.0" height="8%" horizontal-alignment="left" left-margin="-21%" right-margin="0.0" top-margin="86%" type="label" vertical-alignment="top" width="17.7%">
		<ComponentValues Line="2" darkColor="1" lightColor="3"/>
	</Component>
	<Component bottom-margin="0.0" height="18%" horizontal-alignment="left" left-margin="17.2%" right-margin="0.0" top-margin="54.5%" type="image" vertical-alignment="top" width="10.7%">
		<ComponentValues darkColor="1" imageType="circle" lightColor="3"/>
	</Component>
	<Component bottom-margin="0.0" height="5%" horizontal-alignment="left" left-margin="-18%" right-margin="0.0" top-margin="76.5%" type="label" vertical-alignment="top" width="23.7%">
		<ComponentValues darkColor="4" lightColor="1"/>
	</Component>
	<Component bottom-margin="0.0" height="8%" horizontal-alignment="left" left-margin="-21%" right-margin="0.0" top-margin="86%" type="label" vertical-alignment="top" width="17.7%">
		<ComponentValues Line="2" darkColor="1" lightColor="3"/>
	</Component>
</FlowLayout>