<?xml version="1.0" encoding="UTF-8"?>
<FlowLayout bottom-margin="0.0" even="false" height="100.0%" horizontal="true" horizontal-alignment="left" left-margin="0.0" right-margin="0.0" top-margin="0.0" vertical-alignment="top" width="100.0%">
	<Component bottom-margin="0.0" height="4%" horizontal-alignment="left" left-margin="6.9%" right-margin="0.0" top-margin="41.5%" type="label" vertical-alignment="top" width="34.4%">
		<ComponentValues darkColor="4" lightColor="1"/>
	</Component>
	<Component bottom-margin="0.0" height="8%" horizontal-alignment="left" left-margin="-34%" right-margin="0.0" top-margin="50.9%" type="label" vertical-alignment="top" width="24.%">
		<ComponentValues Line="2" darkColor="1" lightColor="3"/>
	</Component>
	<Component bottom-margin="0.0" height="100%" horizontal-alignment="left" left-margin="14%" right-margin="0.0" top-margin="%" type="image" vertical-alignment="top" width="3%"/>
	<Component bottom-margin="0.0" height="22%" horizontal-alignment="left" left-margin="17%" right-margin="0.0" top-margin="39.0%" type="image" vertical-alignment="top" width="15.4%"/>
	<Component bottom-margin="0.0" height="10%" horizontal-alignment="left" left-margin="-16.5%" right-margin="0.0" top-margin="83.0%" type="image" vertical-alignment="top" width="18.4%"/>
</FlowLayout>