<?xml version="1.0" encoding="UTF-8"?>
<FlowLayout bottom-margin="0.0" even="false" height="100.0%" horizontal="false" horizontal-alignment="left" left-margin="0.0" right-margin="0.0" top-margin="0.0" vertical-alignment="top" width="100.0%">
	<FlowLayout bottom-margin="0.0" even="false" height="10.0%" horizontal="false" horizontal-alignment="left" left-margin="0.0" right-margin="0.0" top-margin="0.0" vertical-alignment="top" width="100.0%">
		<Component bottom-margin="0.0" height="100%" horizontal-alignment="left" left-margin="0%" right-margin="0.0" top-margin="0%" type="image" vertical-alignment="top" width="100%">
			<ComponentValues darkColor="1" lightColor="3"/>
		</Component>
	</FlowLayout>
	<FlowLayout bottom-margin="0.0" even="false" height="2.0%" horizontal="false" horizontal-alignment="left" left-margin="0.0" right-margin="0.0" top-margin="0.0" vertical-alignment="top" width="100.0%">
		<Component bottom-margin="0.0" height="100%" horizontal-alignment="left" left-margin="0%" right-margin="0.0" top-margin="6%" type="image" vertical-alignment="top" width="100%">
			<ComponentValues darkColor="3" lightColor="5"/>
		</Component>
	</FlowLayout>
	<FlowLayout bottom-margin="0.0" even="false" height="88.0%" horizontal="true" horizontal-alignment="left" left-margin="0.0" right-margin="0.0" top-margin="0.0" vertical-alignment="top" width="100.0%">
		<Component bottom-margin="0.0" height="51%" horizontal-alignment="left" left-margin="3%" right-margin="0.0" top-margin="4%" type="image" vertical-alignment="top" width="95%">
			<ComponentValues darkColor="1" lightColor="3"/>
		</Component>
		<Component bottom-margin="0.0" height="3%" horizontal-alignment="left" left-margin="-64%" right-margin="0.0" top-margin="62%" type="label" vertical-alignment="top" width="32%">
			<ComponentValues darkColor="4" lightColor="1"/>
		</Component>
		<Component bottom-margin="0.0" height="7%" horizontal-alignment="left" left-margin="-28%" right-margin="0.0" top-margin="70%" type="label" vertical-alignment="top" width="25%">
			<ComponentValues Line="2" darkColor="1" lightColor="3"/>
		</Component>
		<Component bottom-margin="0.0" height="10%" horizontal-alignment="left" left-margin="-54%" right-margin="0.0" top-margin="83%" type="text-field" vertical-alignment="top" width="60%">
			<ComponentValues darkRGB="-7960954" lightRGB="-1"/>
		</Component>
		<Component bottom-margin="0.0" height="11%" horizontal-alignment="left" left-margin="2.4%" right-margin="0.0" top-margin="82.5%" type="button" vertical-alignment="top" width="20%">
			<ComponentValues darkRGB="-1" lightColor="0"/>
		</Component>
	</FlowLayout>
</FlowLayout>