<?xml version="1.0" encoding="UTF-8"?>
<FlowLayout bottom-margin="0.0" even="false" height="100.0%" horizontal="false" horizontal-alignment="left" left-margin="0.0" right-margin="0.0" top-margin="0.0" vertical-alignment="top" width="100.0%">
	<Component bottom-margin="0.0" height="5%" horizontal-alignment="left" left-margin="8%" right-margin="0.0" top-margin="18%" type="label" vertical-alignment="top" width="10%">
		<ComponentValues darkColor="1" lightColor="3"/>
	</Component>
	<Component bottom-margin="0.0" height="5%" horizontal-alignment="left" left-margin="8%" right-margin="0.0" top-margin="4%" type="label" vertical-alignment="top" width="34%">
		<ComponentValues darkColor="4" lightColor="1"/>
	</Component>
	<Component bottom-margin="0.0" height="10%" horizontal-alignment="left" left-margin="8%" right-margin="0.0" top-margin="2%" type="label" vertical-alignment="top" width="26.3%">
		<ComponentValues Line="2" darkColor="1" lightColor="3"/>
	</Component>
	<Component bottom-margin="0.0" height="27%" horizontal-alignment="left" left-margin="8%" right-margin="0.0" top-margin="3%" type="image" vertical-alignment="top" width="27%"/>--
	<Component bottom-margin="0.0" height="5%" horizontal-alignment="left" left-margin="58%" right-margin="0.0" top-margin="-56.5%" type="label" vertical-alignment="top" width="10%">
		<ComponentValues darkColor="1" lightColor="3"/>
	</Component>
	<Component bottom-margin="0.0" height="5%" horizontal-alignment="left" left-margin="58%" right-margin="0.0" top-margin="4%" type="label" vertical-alignment="top" width="34%">
		<ComponentValues darkColor="4" lightColor="1"/>
	</Component>
	<Component bottom-margin="0.0" height="10%" horizontal-alignment="left" left-margin="58%" right-margin="0.0" top-margin="2%" type="label" vertical-alignment="top" width="26.3%">
		<ComponentValues Line="2" darkColor="1" lightColor="3"/>
	</Component>
	<Component bottom-margin="0.0" height="27%" horizontal-alignment="left" left-margin="58%" right-margin="0.0" top-margin="3%" type="image" vertical-alignment="top" width="27%"/>
	<Component bottom-margin="0.0" height="9%" horizontal-alignment="left" left-margin="40%" right-margin="0.0" top-margin="15%" type="image" vertical-alignment="top" width="21%"/>
</FlowLayout>