<?xml version="1.0" encoding="UTF-8"?>
<FlowLayout bottom-margin="0.0" even="false" height="100.0%" horizontal="true" horizontal-alignment="left" left-margin="0.0" right-margin="0.0" top-margin="0.0" vertical-alignment="top" width="100.0%">
	<Component bottom-margin="0.0" height="18%" horizontal-alignment="left" left-margin="10%" right-margin="0.0" top-margin="30%" type="image" vertical-alignment="top" width="10.7%">
		<ComponentValues darkColor="1" imageType="circle" lightColor="3"/>
	</Component>
	<Component bottom-margin="0.0" height="4%" horizontal-alignment="left" left-margin="-18%" right-margin="0.0" top-margin="53%" type="label" vertical-alignment="top" width="24.7%">
		<ComponentValues darkColor="4" lightColor="1"/>
	</Component>
	<Component bottom-margin="0.0" height="7%" horizontal-alignment="left" left-margin="-21.6%" right-margin="0.0" top-margin="62%" type="label" vertical-alignment="top" width="18.7%">
		<ComponentValues Line="2" darkColor="1" lightColor="3"/>
	</Component>
	<Component bottom-margin="0.0" height="18%" horizontal-alignment="left" left-margin="12%" right-margin="0.0" top-margin="30%" type="image" vertical-alignment="top" width="10.7%">
		<ComponentValues darkColor="1" imageType="circle" lightColor="3"/>
	</Component>
	<Component bottom-margin="0.0" height="4%" horizontal-alignment="left" left-margin="-17%" right-margin="0.0" top-margin="53%" type="label" vertical-alignment="top" width="24.7%">
		<ComponentValues darkColor="4" lightColor="1"/>
	</Component>
	<Component bottom-margin="0.0" height="7%" horizontal-alignment="left" left-margin="-21.6%" right-margin="0.0" top-margin="62%" type="label" vertical-alignment="top" width="18.7%">
		<ComponentValues Line="2" darkColor="1" lightColor="3"/>
	</Component>
	<Component bottom-margin="0.0" height="91%" horizontal-alignment="left" left-margin="4%" right-margin="0.0" top-margin="5%" type="image" vertical-alignment="top" width="42.7%">
		<ComponentValues darkColor="1" lightColor="3"/>
	</Component>
</FlowLayout>