<?xml version="1.0" encoding="UTF-8"?>
<FlowLayout bottom-margin="0.0" even="false" height="100.0%" horizontal="false" horizontal-alignment="left" left-margin="0.0" right-margin="0.0" top-margin="0.0" vertical-alignment="top" width="100.0%">
	<FlowLayout bottom-margin="0.0" even="false" height="10.0%" horizontal="false" horizontal-alignment="left" left-margin="0.0" right-margin="0.0" top-margin="0.0" vertical-alignment="top" width="100.0%">
		<Component bottom-margin="0.0" height="53%" horizontal-alignment="left" left-margin="%" right-margin="0.0" top-margin="35%" type="image" vertical-alignment="top" width="100%"/>
	</FlowLayout>
	<FlowLayout bottom-margin="0.0" even="false" height="90.0%" horizontal="true" horizontal-alignment="left" left-margin="0.0" right-margin="0.0" top-margin="0.0" vertical-alignment="top" width="100.0%">
		<Component bottom-margin="0.0" height="27%" horizontal-alignment="left" left-margin="7%" right-margin="0.0" top-margin="2%" type="image" vertical-alignment="top" width="40.3%"/>
		<Component bottom-margin="0.0" height="8%" horizontal-alignment="left" left-margin="-40%" right-margin="0.0" top-margin="32%" type="label" vertical-alignment="top" width="40%">
			<ComponentValues Line="2" darkColor="1" lightColor="3"/>
		</Component>
		<Component bottom-margin="0.0" height="27%" horizontal-alignment="left" left-margin="6%" right-margin="0.0" top-margin="2%" type="image" vertical-alignment="top" width="40.3%"/>
		<Component bottom-margin="0.0" height="8%" horizontal-alignment="left" left-margin="-40%" right-margin="0.0" top-margin="32%" type="label" vertical-alignment="top" width="40%">
			<ComponentValues Line="2" darkColor="1" lightColor="3"/>
		</Component>
		<Component bottom-margin="0.0" height="27%" horizontal-alignment="left" left-margin="-86.5%" right-margin="0.0" top-margin="43%" type="image" vertical-alignment="top" width="40.3%"/>
		<Component bottom-margin="0.0" height="8%" horizontal-alignment="left" left-margin="-40%" right-margin="0.0" top-margin="73%" type="label" vertical-alignment="top" width="40%">
			<ComponentValues Line="2" darkColor="1" lightColor="3"/>
		</Component>
		<Component bottom-margin="0.0" height="27%" horizontal-alignment="left" left-margin="6%" right-margin="0.0" top-margin="43%" type="image" vertical-alignment="top" width="40.3%"/>
		<Component bottom-margin="0.0" height="8%" horizontal-alignment="left" left-margin="-40%" right-margin="0.0" top-margin="72.8%" type="label" vertical-alignment="top" width="40%">
			<ComponentValues Line="2" darkColor="1" lightColor="3"/>
		</Component>
		<Component bottom-margin="0.0" height="16%" horizontal-alignment="left" left-margin="-86.5%" right-margin="0.0" top-margin="84%" type="image" vertical-alignment="top" width="40.3%"/>
		<Component bottom-margin="0.0" height="16%" horizontal-alignment="left" left-margin="6%" right-margin="0.0" top-margin="84%" type="image" vertical-alignment="top" width="40.3%"/>
	</FlowLayout>
</FlowLayout>