<?xml version="1.0" encoding="UTF-8"?>
<FlowLayout bottom-margin="0.0" even="false" height="100.0%" horizontal="false" horizontal-alignment="left" left-margin="0.0" right-margin="0.0" top-margin="0.0" vertical-alignment="top" width="100.0%">
	<FlowLayout bottom-margin="0.0" even="false" height="45.0%" horizontal="false" horizontal-alignment="left" left-margin="0.0" right-margin="0.0" top-margin="0.0" vertical-alignment="top" width="100.0%">
		<Component bottom-margin="0.0" height="100%" horizontal-alignment="left" left-margin="%" right-margin="0.0" top-margin="%" type="image" vertical-alignment="top" width="100%"/>
	</FlowLayout>
	<FlowLayout bottom-margin="0.0" even="false" height="55.0%" horizontal="true" horizontal-alignment="left" left-margin="0.0" right-margin="0.0" top-margin="0.0" vertical-alignment="top" width="100.0%">
		<Component bottom-margin="0.0" height="6%" horizontal-alignment="left" left-margin="7%" right-margin="0.0" top-margin="8%" type="label" vertical-alignment="top" width="51%">
			<ComponentValues darkColor="4" lightColor="1"/>
		</Component>
		<Component bottom-margin="0.0" height="12%" horizontal-alignment="left" left-margin="-51%" right-margin="0.0" top-margin="15%" type="label" vertical-alignment="top" width="40%">
			<ComponentValues Line="2" darkColor="1" lightColor="3"/>
		</Component>
		<Component bottom-margin="0.0" height="46%" horizontal-alignment="left" left-margin="-40%" right-margin="0.0" top-margin="32%" type="image" vertical-alignment="top" width="41.3%"/>
		<Component bottom-margin="0.0" height="12%" horizontal-alignment="left" left-margin="-41%" right-margin="0.0" top-margin="82%" type="label" vertical-alignment="top" width="40%">
			<ComponentValues Line="2" darkColor="1" lightColor="3"/>
		</Component>
		<Component bottom-margin="0.0" height="46%" horizontal-alignment="left" left-margin="5%" right-margin="0.0" top-margin="32%" type="image" vertical-alignment="top" width="41.3%"/>
		<Component bottom-margin="0.0" height="12%" horizontal-alignment="left" left-margin="-41%" right-margin="0.0" top-margin="82%" type="label" vertical-alignment="top" width="40%">
			<ComponentValues Line="2" darkColor="1" lightColor="3"/>
		</Component>
	</FlowLayout>
</FlowLayout>
