<?xml version="1.0" encoding="UTF-8"?>
<FlowLayout bottom-margin="0.0" even="false" height="100.0%" horizontal="false" horizontal-alignment="left" left-margin="0.0" right-margin="0.0" top-margin="0.0" vertical-alignment="top" width="100.0%">
	<Component bottom-margin="0.0" height="18%" horizontal-alignment="left" left-margin="7.5%" right-margin="0.0" top-margin="3%" type="image" vertical-alignment="top" width="29%"/>
	<Component bottom-margin="0.0" height="4%" horizontal-alignment="left" left-margin="39%" right-margin="0.0" top-margin="-13.6%" type="label" vertical-alignment="top" width="55.3%">
		<ComponentValues darkColor="4" lightColor="1"/>
	</Component>
	<Component bottom-margin="0.0" height="5%" horizontal-alignment="left" left-margin="40%" right-margin="0.0" top-margin="1%" type="label" vertical-alignment="top" width="41%">
		<ComponentValues Line="2" darkColor="1" lightColor="3"/>
	</Component>
	<Component bottom-margin="0.0" height="11%" horizontal-alignment="left" left-margin="11%" right-margin="0.0" top-margin="6%" type="button" vertical-alignment="top" width="78.3%">
		<ComponentValues darkColor="0" lightColor="0"/>
	</Component>
	<Component bottom-margin="0.0" height="17%" horizontal-alignment="left" left-margin="7%" right-margin="0.0" top-margin="2.3%" type="image" vertical-alignment="top" width="27%"/>
	<Component bottom-margin="0.0" height="17%" horizontal-alignment="left" left-margin="7%" right-margin="0.0" top-margin="1.3%" type="image" vertical-alignment="top" width="27%"/>
	<Component bottom-margin="0.0" height="17%" horizontal-alignment="left" left-margin="7%" right-margin="0.0" top-margin="1.3%" type="image" vertical-alignment="top" width="27%"/>
	<Component bottom-margin="0.0" height="17%" horizontal-alignment="left" left-margin="37%" right-margin="0.0" top-margin="-53.8%" type="image" vertical-alignment="top" width="27%"/>
	<Component bottom-margin="0.0" height="17%" horizontal-alignment="left" left-margin="37%" right-margin="0.0" top-margin="1.3%" type="image" vertical-alignment="top" width="27%"/>
	<Component bottom-margin="0.0" height="17%" horizontal-alignment="left" left-margin="37%" right-margin="0.0" top-margin="1.3%" type="image" vertical-alignment="top" width="27%"/>
	<Component bottom-margin="0.0" height="17%" horizontal-alignment="left" left-margin="66%" right-margin="0.0" top-margin="-53.6%" type="image" vertical-alignment="top" width="27%"/>
	<Component bottom-margin="0.0" height="17%" horizontal-alignment="left" left-margin="66%" right-margin="0.0" top-margin="1.3%" type="image" vertical-alignment="top" width="27%"/>
	<Component bottom-margin="0.0" height="17%" horizontal-alignment="left" left-margin="66%" right-margin="0.0" top-margin="1.3%" type="image" vertical-alignment="top" width="27%"/>
</FlowLayout>