<?xml version="1.0" encoding="UTF-8"?>
<FlowLayout bottom-margin="0.0" even="false" height="100.0%" horizontal="false" horizontal-alignment="left" left-margin="0.0" right-margin="0.0" top-margin="0.0" vertical-alignment="top" width="100.0%">
	<FlowLayout bottom-margin="0.0" even="false" height="39.0%" horizontal="false" horizontal-alignment="left" left-margin="0.0" right-margin="0.0" top-margin="0.0" vertical-alignment="top" width="100.0%">
		<Component bottom-margin="0.0" height="100%" horizontal-alignment="left" left-margin="0%" right-margin="0.0" top-margin="0%" type="image" vertical-alignment="top" width="100%">
			<ComponentValues darkColor="1"/>
		</Component>
	</FlowLayout>
	<FlowLayout bottom-margin="0.0" even="false" height="61.0%" horizontal="true" horizontal-alignment="left" left-margin="0.0" right-margin="0.0" top-margin="0.0" vertical-alignment="top" width="100.0%">
		<Component bottom-margin="0.0" height="27%" horizontal-alignment="left" left-margin="8%" right-margin="0.0" top-margin="7%" type="image" vertical-alignment="top" width="25%">
			<ComponentValues darkColor="1" lightColor="3"/>
		</Component>
		<Component bottom-margin="0.0" height="5%" horizontal-alignment="left" left-margin="7%" right-margin="0.0" top-margin="13%" type="label" vertical-alignment="top" width="48%">
			<ComponentValues darkColor="4" lightColor="1"/>
		</Component>
		<Component bottom-margin="0.0" height="9%" horizontal-alignment="left" left-margin="-48%" right-margin="0.0" top-margin="20%" type="label" vertical-alignment="top" width="37%">
			<ComponentValues Line="2" darkColor="1" lightColor="3"/>
		</Component>
		<Component bottom-margin="0.0" height="32%" horizontal-alignment="left" left-margin="-69%" right-margin="0.0" top-margin="40%" type="label" vertical-alignment="top" width="85%">
			<ComponentValues Line="8" darkColor="1" lightColor="3"/>
		</Component>
		<Component bottom-margin="0.0" height="14%" horizontal-alignment="left" left-margin="-80%" right-margin="0.0" top-margin="79%" type="button" vertical-alignment="top" width="36.3%">
			<ComponentValues darkColor="1" lightColor="3"/>
		</Component>
		<Component bottom-margin="0.0" height="14%" horizontal-alignment="left" left-margin="2%" right-margin="0.0" top-margin="79%" type="button" vertical-alignment="top" width="36.3%">
			<ComponentValues darkColor="1" lightColor="3"/>
		</Component>
	</FlowLayout>
</FlowLayout>