<?xml version="1.0" encoding="UTF-8"?>
<FlowLayout bottom-margin="0.0" even="false" height="100.0%" horizontal="false" horizontal-alignment="left" left-margin="0.0" right-margin="0.0" top-margin="0.0" vertical-alignment="top" width="100.0%">
	<Component bottom-margin="0.0" height="100%" horizontal-alignment="left" left-margin="92.5%" right-margin="0.0" top-margin="%" type="image" vertical-alignment="top" width="8%"/>
	<Component bottom-margin="0.0" height="17%" horizontal-alignment="left" left-margin="28%" right-margin="0.0" top-margin="-79%" type="image" vertical-alignment="top" width="35.3%"/>
	<Component bottom-margin="0.0" height="4%" horizontal-alignment="left" left-margin="0.5%" right-margin="0.0" top-margin="20%" type="image" vertical-alignment="top" width="91.3%"/>
	<Component bottom-margin="0.0" height="3%" horizontal-alignment="left" left-margin="20.5%" right-margin="0.0" top-margin="2.5%" type="label" vertical-alignment="top" width="51%">
		<ComponentValues darkColor="3" lightColor="1"/>
	</Component>
	<Component bottom-margin="0.0" height="5%" horizontal-alignment="left" left-margin="26.5%" right-margin="0.0" top-margin="2%" type="label" vertical-alignment="top" width="39%">
		<ComponentValues Line="2" darkColor="1" lightColor="3"/>
	</Component>
	<Component bottom-margin="0.0" height="3%" horizontal-alignment="left" left-margin="33%" right-margin="0.0" top-margin="3%" type="label" vertical-alignment="top" width="26%">
		<ComponentValues darkColor="1" lightColor="3"/>
	</Component>
	<Component bottom-margin="0.0" height="3%" horizontal-alignment="left" left-margin="33%" right-margin="0.0" top-margin="3%" type="label" vertical-alignment="top" width="26%">
		<ComponentValues darkColor="1" lightColor="3"/>
	</Component>
	<Component bottom-margin="0.0" height="3%" horizontal-alignment="left" left-margin="33%" right-margin="0.0" top-margin="3%" type="label" vertical-alignment="top" width="26%">
		<ComponentValues darkColor="1" lightColor="3"/>
	</Component>
</FlowLayout>