<?xml version="1.0" encoding="UTF-8"?>
<FlowLayout bottom-margin="0.0" even="false" height="100.0%" horizontal="false" horizontal-alignment="left" left-margin="0.0" right-margin="0.0" top-margin="0.0" vertical-alignment="top" width="100.0%">
	<Component bottom-margin="0.0" height="18%" horizontal-alignment="left" left-margin="36%" right-margin="0.0" top-margin="10%" type="image" vertical-alignment="top" width="28.3%"/>
	<Component bottom-margin="0.0" height="5%" horizontal-alignment="left" left-margin="25%" right-margin="0.0" top-margin="2%" type="label" vertical-alignment="top" width="51%">
		<ComponentValues darkColor="4" lightColor="1"/>
	</Component>
	<Component bottom-margin="0.0" height="5%" horizontal-alignment="left" left-margin="30%" right-margin="0.0" top-margin="1%" type="label" vertical-alignment="top" width="41%">
		<ComponentValues Line="2" darkColor="1" lightColor="3"/>
	</Component>
	<Component bottom-margin="0.0" height="7%" horizontal-alignment="left" left-margin="5%" right-margin="0.0" top-margin="3%" type="label" vertical-alignment="top" width="27%">
		<ComponentValues Line="2" darkColor="1" lightColor="3"/>
	</Component>
	<Component bottom-margin="0.0" height="7%" horizontal-alignment="left" left-margin="37%" right-margin="0.0" top-margin="-7.3%" type="label" vertical-alignment="top" width="27%">
		<ComponentValues Line="2" darkColor="1" lightColor="3"/>
	</Component>
	<Component bottom-margin="0.0" height="7%" horizontal-alignment="left" left-margin="69%" right-margin="0.0" top-margin="-7%" type="label" vertical-alignment="top" width="27%">
		<ComponentValues Line="2" darkColor="1" lightColor="3"/>
	</Component>
	<Component bottom-margin="0.0" height="36%" horizontal-alignment="left" left-margin="7%" right-margin="0.0" top-margin="3%" type="label" vertical-alignment="top" width="87%">
		<ComponentValues Line="14" darkColor="1" lightColor="3"/>
	</Component>
</FlowLayout>