<?xml version="1.0" encoding="UTF-8"?>
<FlowLayout bottom-margin="0.0" even="false" height="100.0%" horizontal="false" horizontal-alignment="left" left-margin="0.0" right-margin="0.0" top-margin="0.0" vertical-alignment="top" width="100.0%">
	<FlowLayout bottom-margin="0.0" even="false" height="29.0%" horizontal="false" horizontal-alignment="left" left-margin="0.0" right-margin="0.0" top-margin="0.0" vertical-alignment="top" width="100.0%">
		<Component bottom-margin="0.0" height="100%" horizontal-alignment="left" left-margin="%" right-margin="0.0" top-margin="%" type="image" vertical-alignment="top" width="100%"/>
	</FlowLayout>
	<FlowLayout bottom-margin="0.0" even="false" height="71.0%" horizontal="true" horizontal-alignment="left" left-margin="0.0" right-margin="0.0" top-margin="0.0" vertical-alignment="top" width="100.0%">
		<Component bottom-margin="0.0" height="5%" horizontal-alignment="left" left-margin="26%" right-margin="0.0" top-margin="6%" type="text-label" vertical-alignment="top" width="49.3%">
			<ComponentValues darkColor="4" lightColor="1"/>
		</Component>
		<Component bottom-margin="0.0" height="9%" horizontal-alignment="left" left-margin="-45%" right-margin="0.0" top-margin="12%" type="text-label" vertical-alignment="top" width="39.3%">
			<ComponentValues Line="2" darkColor="1" lightColor="3"/>
		</Component>
		<Component bottom-margin="0.0" height="13%" horizontal-alignment="left" left-margin="-57%" right-margin="0.0" top-margin="25%" type="text-field" vertical-alignment="top" width="76.3%">
			<ComponentValues darkRGB="-7960954" lightRGB="-1"/>
		</Component>
		<Component bottom-margin="0.0" height="13%" horizontal-alignment="left" left-margin="-76.5%" right-margin="0.0" top-margin="39%" type="text-field" vertical-alignment="top" width="76.3%">
			<ComponentValues darkRGB="-7960954" lightRGB="-1"/>
		</Component>
		<Component bottom-margin="0.0" height="13%" horizontal-alignment="left" left-margin="-76.5%" right-margin="0.0" top-margin="53.5%" type="button" vertical-alignment="top" width="76.3%">
			<ComponentValues darkColor="0" lightColor="0"/>
		</Component>
		<Component bottom-margin="0.0" height="13%" horizontal-alignment="left" left-margin="-76.5%" right-margin="0.0" top-margin="67.5%" type="image" vertical-alignment="top" width="76.3%"/>
		<Component bottom-margin="0.0" height="13%" horizontal-alignment="left" left-margin="-76.5%" right-margin="0.0" top-margin="81.5%" type="image" vertical-alignment="top" width="76.3%"/>
	</FlowLayout>
</FlowLayout>