<?xml version="1.0" encoding="UTF-8"?>
<FlowLayout bottom-margin="0.0" even="false" height="100.0%" horizontal="true" horizontal-alignment="left" left-margin="0.0" right-margin="0.0" top-margin="0.0" vertical-alignment="top" width="100.0%">
	<FlowLayout bottom-margin="0.0" even="false" height="100.0%" horizontal="false" horizontal-alignment="left" left-margin="0.0" right-margin="0.0" top-margin="0.0" vertical-alignment="top" width="36.0%">
		<Component bottom-margin="0.0" height="18%" horizontal-alignment="left" left-margin="57.6%" right-margin="0.0" top-margin="9%" type="image" vertical-alignment="top" width="26.7%">
			<ComponentValues darkColor="1" imageType="circle" lightColor="3"/>
		</Component>
		<Component bottom-margin="0.0" height="4%" horizontal-alignment="left" left-margin="15.6%" right-margin="0.0" top-margin="4%" type="label" vertical-alignment="top" width="67.7%">
			<ComponentValues darkColor="4" lightColor="1"/>
		</Component>
		<Component bottom-margin="0.0" height="9%" horizontal-alignment="left" left-margin="22.9%" right-margin="0.0" top-margin="4%" type="label" vertical-alignment="top" width="51.7%">
			<ComponentValues Line="2" darkColor="1" lightColor="3"/>
		</Component>
		<Component bottom-margin="0.0" height="17%" horizontal-alignment="left" left-margin="57.6%" right-margin="0.0" top-margin="4%" type="image" vertical-alignment="top" width="26.7%">
			<ComponentValues darkColor="1" imageType="circle" lightColor="3"/>
		</Component>
		<Component bottom-margin="0.0" height="4%" horizontal-alignment="left" left-margin="15.6%" right-margin="0.0" top-margin="5%" type="label" vertical-alignment="top" width="67.7%">
			<ComponentValues darkColor="4" lightColor="1"/>
		</Component>
		<Component bottom-margin="0.0" height="9%" horizontal-alignment="left" left-margin="22.9%" right-margin="0.0" top-margin="4%" type="label" vertical-alignment="top" width="51.7%">
			<ComponentValues Line="2" darkColor="1" lightColor="3"/>
		</Component>
	</FlowLayout>
	<FlowLayout bottom-margin="0.0" even="false" height="100.0%" horizontal="false" horizontal-alignment="left" left-margin="0.0" right-margin="0.0" top-margin="0.0" vertical-alignment="top" width="29.0%">
		<Component bottom-margin="0.0" height="89%" horizontal-alignment="left" left-margin="9.9%" right-margin="0.0" top-margin="5%" type="image" vertical-alignment="top" width="78.7%">
			<ComponentValues darkColor="1" lightColor="3"/>
		</Component>
	</FlowLayout>
	<FlowLayout bottom-margin="0.0" even="false" height="100.0%" horizontal="false" horizontal-alignment="left" left-margin="0.0" right-margin="0.0" top-margin="0.0" vertical-alignment="top" width="35.0%">
		<Component bottom-margin="0.0" height="17%" horizontal-alignment="left" left-margin="15.6%" right-margin="0.0" top-margin="9%" type="image" vertical-alignment="top" width="26.7%">
			<ComponentValues darkColor="1" imageType="circle" lightColor="3"/>
		</Component>
		<Component bottom-margin="0.0" height="4%" horizontal-alignment="left" left-margin="15.6%" right-margin="0.0" top-margin="5%" type="label" vertical-alignment="top" width="67.7%">
			<ComponentValues darkColor="4" lightColor="1"/>
		</Component>
		<Component bottom-margin="0.0" height="9%" horizontal-alignment="left" left-margin="22.9%" right-margin="0.0" top-margin="4%" type="label" vertical-alignment="top" width="51.7%">
			<ComponentValues Line="2" darkColor="1" lightColor="3"/>
		</Component>
		<Component bottom-margin="0.0" height="17%" horizontal-alignment="left" left-margin="15.6%" right-margin="0.0" top-margin="4%" type="image" vertical-alignment="top" width="26.7%">
			<ComponentValues darkColor="1" imageType="circle" lightColor="3"/>
		</Component>
		<Component bottom-margin="0.0" height="4%" horizontal-alignment="left" left-margin="15.6%" right-margin="0.0" top-margin="5%" type="label" vertical-alignment="top" width="67.7%">
			<ComponentValues darkColor="4" lightColor="1"/>
		</Component>
		<Component bottom-margin="0.0" height="9%" horizontal-alignment="left" left-margin="22.9%" right-margin="0.0" top-margin="4%" type="label" vertical-alignment="top" width="51.7%">
			<ComponentValues Line="2" darkColor="1" lightColor="3"/>
		</Component>
	</FlowLayout>
</FlowLayout>