<?xml version="1.0" encoding="UTF-8"?>
<FlowLayout bottom-margin="0.0" even="false" height="100.0%" horizontal="false" horizontal-alignment="left" left-margin="0.0" right-margin="0.0" top-margin="0.0" vertical-alignment="top" width="100.0%">
	<Component bottom-margin="0.0" height="20%" horizontal-alignment="left" left-margin="7%" right-margin="0.0" top-margin="4%" type="image" vertical-alignment="top" width="45%">
		<ComponentValues darkColor="1"/>
	</Component>
	<Component bottom-margin="0.0" height="2%" horizontal-alignment="left" left-margin="57%" right-margin="0.0" top-margin="-16.4%" type="label" vertical-alignment="top" width="10%">
		<ComponentValues darkColor="1" lightColor="3"/>
	</Component>
	<Component bottom-margin="0.0" height="4%" horizontal-alignment="left" left-margin="57%" right-margin="0.0" top-margin="1.4%" type="label" vertical-alignment="top" width="36.3%">
		<ComponentValues darkColor="4" lightColor="1"/>
	</Component>
	<Component bottom-margin="0.0" height="6%" horizontal-alignment="left" left-margin="57%" right-margin="0.0" top-margin="1%" type="label" vertical-alignment="top" width="26.3%">
		<ComponentValues Line="2" darkColor="1" lightColor="3"/>
	</Component>
	<Component bottom-margin="0.0" height="20%" horizontal-alignment="left" left-margin="49%" right-margin="0.0" top-margin="6%" type="image" vertical-alignment="top" width="45%"/>
	<Component bottom-margin="0.0" height="2%" horizontal-alignment="left" left-margin="7%" right-margin="0.0" top-margin="-16.4%" type="label" vertical-alignment="top" width="10%">
		<ComponentValues darkColor="1" lightColor="3"/>
	</Component>
	<Component bottom-margin="0.0" height="4%" horizontal-alignment="left" left-margin="7%" right-margin="0.0" top-margin="1.4%" type="label" vertical-alignment="top" width="36.3%">
		<ComponentValues darkColor="4" lightColor="1"/>
	</Component>
	<Component bottom-margin="0.0" height="6%" horizontal-alignment="left" left-margin="7%" right-margin="0.0" top-margin="1%" type="label" vertical-alignment="top" width="26.3%">
		<ComponentValues Line="2" darkColor="1" lightColor="3"/>
	</Component>
	<Component bottom-margin="0.0" height="20%" horizontal-alignment="left" left-margin="7%" right-margin="0.0" top-margin="6%" type="image" vertical-alignment="top" width="45%">
		<ComponentValues darkColor="1"/>
	</Component>
	<Component bottom-margin="0.0" height="2%" horizontal-alignment="left" left-margin="57%" right-margin="0.0" top-margin="-16.4%" type="label" vertical-alignment="top" width="10%">
		<ComponentValues darkColor="1" lightColor="3"/>
	</Component>
	<Component bottom-margin="0.0" height="4%" horizontal-alignment="left" left-margin="57%" right-margin="0.0" top-margin="1.4%" type="label" vertical-alignment="top" width="36.3%">
		<ComponentValues darkColor="4" lightColor="1"/>
	</Component>
	<Component bottom-margin="0.0" height="6%" horizontal-alignment="left" left-margin="57%" right-margin="0.0" top-margin="1%" type="label" vertical-alignment="top" width="26.3%">
		<ComponentValues Line="2" darkColor="1" lightColor="3"/>
	</Component>
	<Component bottom-margin="0.0" height="20%" horizontal-alignment="left" left-margin="49%" right-margin="0.0" top-margin="6%" type="image" vertical-alignment="top" width="45%"/>
	<Component bottom-margin="0.0" height="2%" horizontal-alignment="left" left-margin="7%" right-margin="0.0" top-margin="-16.4%" type="label" vertical-alignment="top" width="10%">
		<ComponentValues darkColor="1" lightColor="3"/>
	</Component>
	<Component bottom-margin="0.0" height="4%" horizontal-alignment="left" left-margin="7%" right-margin="0.0" top-margin="1.4%" type="label" vertical-alignment="top" width="36.3%">
		<ComponentValues darkColor="4" lightColor="1"/>
	</Component>
	<Component bottom-margin="0.0" height="6%" horizontal-alignment="left" left-margin="7%" right-margin="0.0" top-margin="1%" type="label" vertical-alignment="top" width="26.3%">
		<ComponentValues Line="2" darkColor="1" lightColor="3"/>
	</Component>
</FlowLayout>