<?xml version="1.0" encoding="UTF-8"?>
<FlowLayout bottom-margin="0.0" even="false" height="100.0%" horizontal="true" horizontal-alignment="left" left-margin="0.0" right-margin="0.0" top-margin="0.0" vertical-alignment="top" width="100.0%">
	<Component bottom-margin="0.0" height="20.0%" horizontal-alignment="left" left-margin="4.9%" right-margin="0.0" top-margin="19.4%" type="image" vertical-alignment="top" width="10.5%">
		<ComponentValues darkColor="1" lightColor="3"/>
	</Component>
	<Component bottom-margin="0.0" height="5%" horizontal-alignment="left" left-margin="-10%" right-margin="0.0" top-margin="42.0%" type="label" vertical-alignment="top" width="32.5%">
		<ComponentValues lightColor="1"/>
	</Component>
	<Component bottom-margin="0.0" height="8%" horizontal-alignment="left" left-margin="-32.6%" right-margin="0.0" top-margin="51.0%" type="image" vertical-alignment="top" width="24.6%">
		<ComponentValues Line="2" lightColor="3"/>
	</Component>
	<Component bottom-margin="0.0" height="12%" horizontal-alignment="left" left-margin="-25%" right-margin="0.0" top-margin="68%" type="button" vertical-alignment="top" width="20.5%">
		<ComponentValues lightColor="0"/>
	</Component>
	<Component bottom-margin="0.0" height="70.0%" horizontal-alignment="left" left-margin="21%" right-margin="0.0" top-margin="15.4%" type="image" vertical-alignment="top" width="51.2%">
		<ComponentValues darkColor="1" lightColor="3"/>
	</Component>
</FlowLayout>