<?xml version="1.0" encoding="UTF-8"?>
<FlowLayout bottom-margin="0.0" even="false" height="100.0%" horizontal="false" horizontal-alignment="left" left-margin="0.0" right-margin="0.0" top-margin="0.0" vertical-alignment="top" width="100.0%">
	<FlowLayout bottom-margin="0.0" even="false" height="41.0%" horizontal="false" horizontal-alignment="left" left-margin="0.0" right-margin="0.0" top-margin="0.0" vertical-alignment="top" width="100.0%">
		<Component bottom-margin="0.0" height="60%" horizontal-alignment="left" left-margin="0%" right-margin="0.0" top-margin="%" type="image" vertical-alignment="top" width="100%"/>
		<Component bottom-margin="0.0" height="6%" horizontal-alignment="left" left-margin="8%" right-margin="0.0" top-margin="12%" type="label" vertical-alignment="top" width="50.3%">
			<ComponentValues darkColor="4" lightColor="1"/>
		</Component>
		<Component bottom-margin="0.0" height="12%" horizontal-alignment="left" left-margin="8%" right-margin="0.0" top-margin="5%" type="label" vertical-alignment="top" width="38%">
			<ComponentValues Line="2" darkColor="1" lightColor="3"/>
		</Component>
	</FlowLayout>
	<FlowLayout bottom-margin="0.0" even="false" height="59.0%" horizontal="true" horizontal-alignment="left" left-margin="0.0" right-margin="0.0" top-margin="0.0" vertical-alignment="top" width="100.0%">
		<Component bottom-margin="0.0" height="40%" horizontal-alignment="left" left-margin="6.5%" right-margin="0.0" top-margin="4%" type="image" vertical-alignment="top" width="42%"/>
		<Component bottom-margin="0.0" height="40%" horizontal-alignment="left" left-margin="3.5%" right-margin="0.0" top-margin="4%" type="image" vertical-alignment="top" width="42%"/>
		<Component bottom-margin="0.0" height="12%" horizontal-alignment="left" left-margin="-85%" right-margin="0.0" top-margin="48%" type="label" vertical-alignment="top" width="38%">
			<ComponentValues Line="2" darkColor="1" lightColor="3"/>
		</Component>
		<Component bottom-margin="0.0" height="12%" horizontal-alignment="left" left-margin="8%" right-margin="0.0" top-margin="48%" type="label" vertical-alignment="top" width="38%">
			<ComponentValues Line="2" darkColor="1" lightColor="3"/>
		</Component>
		<Component bottom-margin="0.0" height="28%" horizontal-alignment="left" left-margin="-85%" right-margin="0.0" top-margin="65%" type="image" vertical-alignment="top" width="27.3%"/>
		<Component bottom-margin="0.0" height="7%" horizontal-alignment="left" left-margin="6%" right-margin="0.0" top-margin="70%" type="label" vertical-alignment="top" width="51%">
			<ComponentValues darkColor="4" lightColor="1"/>
		</Component>
		<Component bottom-margin="0.0" height="9%" horizontal-alignment="left" left-margin="-51%" right-margin="0.0" top-margin="79%" type="label" vertical-alignment="top" width="40%">
			<ComponentValues Line="2" darkColor="1" lightColor="3"/>
		</Component>
	</FlowLayout>
</FlowLayout>