<?xml version="1.0" encoding="UTF-8"?>
<FlowLayout bottom-margin="0.0" even="false" height="100.0%" horizontal="true" horizontal-alignment="left" left-margin="0.0" right-margin="0.0" top-margin="0.0" vertical-alignment="top" width="100.0%">
	<Component bottom-margin="0.0" height="4%" horizontal-alignment="left" left-margin="33%" right-margin="0.0" top-margin="15%" type="label" vertical-alignment="top" width="34.7%">
		<ComponentValues darkColor="4" lightColor="1"/>
	</Component>
	<Component bottom-margin="0.0" height="9%" horizontal-alignment="left" left-margin="-29.6%" right-margin="0.0" top-margin="23%" type="label" vertical-alignment="top" width="24.%">
		<ComponentValues Line="2" darkColor="1" lightColor="3"/>
	</Component>
	<Component bottom-margin="0.0" height="26%" horizontal-alignment="left" left-margin="-55.5%" right-margin="0.0" top-margin="47%" type="image" vertical-alignment="top" width="24.7%">
		<ComponentValues lightColor="3"/>
	</Component>
	<Component bottom-margin="0.0" height="26%" horizontal-alignment="left" left-margin="6.5%" right-margin="0.0" top-margin="47%" type="image" vertical-alignment="top" width="24.7%">
		<ComponentValues lightColor="3"/>
	</Component>
	<Component bottom-margin="0.0" height="26%" horizontal-alignment="left" left-margin="6.5%" right-margin="0.0" top-margin="47%" type="image" vertical-alignment="top" width="24.7%"/>
	<Component bottom-margin="0.0" height="9%" horizontal-alignment="left" left-margin="-84%" right-margin="0.0" top-margin="76%" type="label" vertical-alignment="top" width="19.%">
		<ComponentValues Line="2" darkColor="1" lightColor="3"/>
	</Component>
	<Component bottom-margin="0.0" height="9%" horizontal-alignment="left" left-margin="11.9%" right-margin="0.0" top-margin="76%" type="label" vertical-alignment="top" width="19.%">
		<ComponentValues Line="2" darkColor="1" lightColor="3"/>
	</Component>
	<Component bottom-margin="0.0" height="9%" horizontal-alignment="left" left-margin="11.6%" right-margin="0.0" top-margin="76%" type="label" vertical-alignment="top" width="19.%">
		<ComponentValues Line="2" darkColor="1" lightColor="3"/>
	</Component>
</FlowLayout>