<?xml version="1.0" encoding="UTF-8"?>
<FlowLayout bottom-margin="0.0" even="false" height="100.0%" horizontal="true" horizontal-alignment="left" left-margin="0.0" right-margin="0.0" top-margin="0.0" vertical-alignment="top" width="100.0%">
	<Component bottom-margin="0.0" height="44%" horizontal-alignment="left" left-margin="2%" right-margin="0.0" top-margin="4%" type="image" vertical-alignment="top" width="96%"/>
	<Component bottom-margin="0.0" height="20%" horizontal-alignment="left" left-margin="-86%" right-margin="0.0" top-margin="50%" type="image" vertical-alignment="top" width="15%">
		<ComponentValues darkColor="1" imageType="circle" lightColor="3"/>
	</Component>
	<Component bottom-margin="0.0" height="20%" horizontal-alignment="left" left-margin="16%" right-margin="0.0" top-margin="50%" type="image" vertical-alignment="top" width="15%">
		<ComponentValues imageType="circle" lightColor="3"/>
	</Component>
	<Component bottom-margin="0.0" height="20%" horizontal-alignment="left" left-margin="16%" right-margin="0.0" top-margin="50%" type="image" vertical-alignment="top" width="15%">
		<ComponentValues darkColor="1" imageType="circle" lightColor="3"/>
	</Component>
	<Component bottom-margin="0.0" height="10%" horizontal-alignment="left" left-margin="-80%" right-margin="0.0" top-margin="72%" type="label" vertical-alignment="top" width="20%">
		<ComponentValues Line="2" darkColor="1" lightColor="3"/>
	</Component>
	<Component bottom-margin="0.0" height="10%" horizontal-alignment="left" left-margin="11%" right-margin="0.0" top-margin="72%" type="label" vertical-alignment="top" width="20%">
		<ComponentValues Line="2" darkColor="1" lightColor="3"/>
	</Component>
	<Component bottom-margin="0.0" height="10%" horizontal-alignment="left" left-margin="11%" right-margin="0.0" top-margin="72%" type="label" vertical-alignment="top" width="20%">
		<ComponentValues Line="2" darkColor="1" lightColor="3"/>
	</Component>
	<Component bottom-margin="0.0" height="13%" horizontal-alignment="left" left-margin="-82%" right-margin="0.0" top-margin="84%" type="button" vertical-alignment="top" width="20%">
		<ComponentValues darkColor="0" lightColor="0"/>
	</Component>
	<Component bottom-margin="0.0" height="13%" horizontal-alignment="left" left-margin="11%" right-margin="0.0" top-margin="84%" type="button" vertical-alignment="top" width="20%">
		<ComponentValues darkColor="0" lightColor="0"/>
	</Component>
	<Component bottom-margin="0.0" height="13%" horizontal-alignment="left" left-margin="11%" right-margin="0.0" top-margin="84%" type="button" vertical-alignment="top" width="20%">
		<ComponentValues darkColor="0" lightColor="0"/>
	</Component>
</FlowLayout>