<?xml version="1.0" encoding="UTF-8"?>
<FlowLayout bottom-margin="0.0" even="false" height="100.0%" horizontal="true" horizontal-alignment="left" left-margin="0.0" right-margin="0.0" top-margin="0.0" vertical-alignment="top" width="100.0%">
	<Component bottom-margin="0.0" height="4%" horizontal-alignment="left" left-margin="34%" right-margin="0.0" top-margin="22%" type="label" vertical-alignment="top" width="32.7%">
		<ComponentValues darkColor="4" lightColor="1"/>
	</Component>
	<Component bottom-margin="0.0" height="7%" horizontal-alignment="left" left-margin="-28.6%" right-margin="0.0" top-margin="31%" type="label" vertical-alignment="top" width="24.%">
		<ComponentValues Line="2" darkColor="1" lightColor="3"/>
	</Component>
	<Component bottom-margin="0.0" height="12%" horizontal-alignment="left" left-margin="-55.5%" right-margin="0.0" top-margin="53%" type="text-field" vertical-alignment="top" width="28.1%">
		<ComponentValues darkRGB="-7960954" lightRGB="-1"/>
	</Component>
	<Component bottom-margin="0.0" height="12%" horizontal-alignment="left" left-margin="1.8%" right-margin="0.0" top-margin="53%" type="text-field" vertical-alignment="top" width="28.1%">
		<ComponentValues darkColor="1" lightRGB="-1"/>
	</Component>
	<Component bottom-margin="0.0" height="12%" horizontal-alignment="left" left-margin="1.5%" right-margin="0.0" top-margin="53%" type="text-field" vertical-alignment="top" width="28.1%">
		<ComponentValues darkColor="1" lightRGB="-1"/>
	</Component>
	<Component bottom-margin="0.0" height="12%" horizontal-alignment="left" left-margin="-53.7%" right-margin="0.0" top-margin="68%" type="button" vertical-alignment="top" width="19.8%">
		<ComponentValues darkColor="0" lightColor="0"/>
	</Component>
</FlowLayout>