<?xml version="1.0" encoding="UTF-8"?>
<FlowLayout bottom-margin="0.0" even="false" height="100.0%" horizontal="true" horizontal-alignment="left" left-margin="0.0" right-margin="0.0" top-margin="0.0" vertical-alignment="top" width="100.0%">
	<Component bottom-margin="0.0" height="15%" horizontal-alignment="left" left-margin="13%" right-margin="0.0" top-margin="4.5%" type="image" vertical-alignment="top" width="25%"/>
	<Component bottom-margin="0.0" height="6%" horizontal-alignment="left" left-margin="-33%" right-margin="0.0" top-margin="23%" type="label" vertical-alignment="top" width="39%">
		<ComponentValues Line="2" darkColor="1" lightColor="3"/>
	</Component>
	<Component bottom-margin="0.0" height="31%" horizontal-alignment="left" left-margin="4%" right-margin="0.0" top-margin="0%" type="image" vertical-alignment="top" width="5%"/>
	<Component bottom-margin="0.0" height="15%" horizontal-alignment="left" left-margin="11%" right-margin="0.0" top-margin="4.5%" type="image" vertical-alignment="top" width="25%"/>
	<Component bottom-margin="0.0" height="6%" horizontal-alignment="left" left-margin="-33%" right-margin="0.0" top-margin="23%" type="label" vertical-alignment="top" width="39%">
		<ComponentValues Line="2" darkColor="1" lightColor="3"/>
	</Component>
	<Component bottom-margin="0.0" height="3%" horizontal-alignment="left" left-margin="-95%" right-margin="0.0" top-margin="31%" type="image" vertical-alignment="top" width="100%"/>
	<Component bottom-margin="0.0" height="15%" horizontal-alignment="left" left-margin="-87.5%" right-margin="0.0" top-margin="37.9%" type="image" vertical-alignment="top" width="25%"/>
	<Component bottom-margin="0.0" height="6%" horizontal-alignment="left" left-margin="-32%" right-margin="0.0" top-margin="56%" type="label" vertical-alignment="top" width="39%">
		<ComponentValues Line="2" darkColor="1" lightColor="3"/>
	</Component>
	<Component bottom-margin="0.0" height="31.4%" horizontal-alignment="left" left-margin="3%" right-margin="0.0" top-margin="34%" type="image" vertical-alignment="top" width="5%">
		<ComponentValues darkColor="3"/>
	</Component>
	<Component bottom-margin="0.0" height="15%" horizontal-alignment="left" left-margin="10%" right-margin="0.0" top-margin="37.9%" type="image" vertical-alignment="top" width="25%"/>
	<Component bottom-margin="0.0" height="6%" horizontal-alignment="left" left-margin="-32%" right-margin="0.0" top-margin="56%" type="label" vertical-alignment="top" width="39%">
		<ComponentValues Line="2" darkColor="1" lightColor="3"/>
	</Component>
	<Component bottom-margin="0.0" height="3%" horizontal-alignment="left" left-margin="-95%" right-margin="0.0" top-margin="65.4%" type="image" vertical-alignment="top" width="100%"/>
	<Component bottom-margin="0.0" height="15%" horizontal-alignment="left" left-margin="-87.5%" right-margin="0.0" top-margin="71.5%" type="image" vertical-alignment="top" width="25%"/>
	<Component bottom-margin="0.0" height="6%" horizontal-alignment="left" left-margin="-32%" right-margin="0.0" top-margin="89.5%" type="label" vertical-alignment="top" width="39%">
		<ComponentValues Line="2" darkColor="1" lightColor="3"/>
	</Component>
	<Component bottom-margin="0.0" height="31%" horizontal-alignment="left" left-margin="4%" right-margin="0.0" top-margin="68.6%" type="image" vertical-alignment="top" width="5%"/>
	<Component bottom-margin="0.0" height="15%" horizontal-alignment="left" left-margin="10%" right-margin="0.0" top-margin="71.9%" type="image" vertical-alignment="top" width="25%"/>
	<Component bottom-margin="0.0" height="6%" horizontal-alignment="left" left-margin="-32%" right-margin="0.0" top-margin="89.3%" type="label" vertical-alignment="top" width="39%">
		<ComponentValues Line="2" darkColor="1" lightColor="3"/>
	</Component>
</FlowLayout>