<?xml version="1.0" encoding="UTF-8"?>
<FlowLayout bottom-margin="0.0" even="false" height="100.0%" horizontal="true" horizontal-alignment="left" left-margin="0.0" right-margin="0.0" top-margin="0.0" vertical-alignment="top" width="100.0%">
	<FlowLayout bottom-margin="0.0" even="false" height="50.0%" horizontal="false" horizontal-alignment="left" left-margin="0.0" right-margin="0.0" top-margin="0.0" vertical-alignment="top" width="100.0%">
		<FlowLayout bottom-margin="0.0" even="false" height="100.0%" horizontal="true" horizontal-alignment="left" left-margin="0.0" right-margin="0.0" top-margin="0.0" vertical-alignment="top" width="100.0%">
			<FlowLayout bottom-margin="0.0%" even="false" height="100.0%" horizontal="false" horizontal-alignment="left" left-margin="0.0" right-margin="0.0" top-margin="0.0" vertical-alignment="center" width="45.0%">
				<Component bottom-margin="0.0" height="77.0%" horizontal-alignment="center" left-margin="6.5%" right-margin="0.0%" top-margin="14%" type="image" vertical-alignment="center" width="90.0%">
					<ComponentValues darkColor="1" lightColor="3"/>
				</Component>
			</FlowLayout>
			<FlowLayout bottom-margin="0.0%" even="false" height="100.0%" horizontal="false" horizontal-alignment="left" left-margin="0.0" right-margin="0.0" top-margin="0.0" vertical-alignment="top" width="55.0%">
				<Component bottom-margin="0.0" height="5.0%" horizontal-alignment="center" left-margin="2.0%" right-margin="0.0%" top-margin="33%" type="label" vertical-alignment="top" width="14.0%">
					<ComponentValues lightColor="3"/>
				</Component>
				<Component bottom-margin="0.0" height="8.0%" horizontal-alignment="center" left-margin="2.5%" right-margin="0.0%" top-margin="10%" type="label" vertical-alignment="top" width="44.0%">
					<ComponentValues lightColor="1"/>
				</Component>
				<Component bottom-margin="0.0" height="5.0%" horizontal-alignment="center" left-margin="2.5%" right-margin="0.0%" top-margin="10%" type="label" vertical-alignment="top" width="93.0%">
					<ComponentValues lightColor="3"/>
				</Component>
				<Component bottom-margin="0.0" height="5.0%" horizontal-alignment="center" left-margin="2.5%" right-margin="0.0%" top-margin="5%" type="label" vertical-alignment="top" width="93.0%">
					<ComponentValues lightColor="3"/>
				</Component>
			</FlowLayout>
		</FlowLayout>
		<FlowLayout bottom-margin="0.0" even="false" height="100.0%" horizontal="true" horizontal-alignment="left" left-margin="0.0" right-margin="0.0" top-margin="0.0" vertical-alignment="top" width="100.0%">
			<FlowLayout bottom-margin="0.0%" even="false" height="100.0%" horizontal="false" horizontal-alignment="left" left-margin="0.0" right-margin="0.0" top-margin="0.0" vertical-alignment="top" width="55.5%">
				<Component bottom-margin="0.0" height="5.0%" horizontal-alignment="center" left-margin="5.0%" right-margin="0.0%" top-margin="20%" type="label" vertical-alignment="top" width="14.0%">
					<ComponentValues lightColor="3"/>
				</Component>
				<Component bottom-margin="0.0" height="8.0%" horizontal-alignment="center" left-margin="5%" right-margin="0.0%" top-margin="10%" type="label" vertical-alignment="top" width="44.0%">
					<ComponentValues lightColor="1"/>
				</Component>
				<Component bottom-margin="0.0" height="5.0%" horizontal-alignment="center" left-margin="5%" right-margin="0.0%" top-margin="10%" type="label" vertical-alignment="top" width="93.0%">
					<ComponentValues lightColor="3"/>
				</Component>
				<Component bottom-margin="0.0" height="5.0%" horizontal-alignment="center" left-margin="5%" right-margin="0.0%" top-margin="5%" type="label" vertical-alignment="top" width="93.0%">
					<ComponentValues darkColor="1" lightColor="3"/>
				</Component>
			</FlowLayout>
			<FlowLayout bottom-margin="0.0%" even="false" height="100.0%" horizontal="false" horizontal-alignment="left" left-margin="0.0" right-margin="0.0" top-margin="0.0" vertical-alignment="top" width="44.5%">
				<Component bottom-margin="0.0" height="77.0%" horizontal-alignment="center" left-margin="3.5%" right-margin="0.0%" top-margin="5%" type="image" vertical-alignment="center" width="90.0%">
					<ComponentValues lightColor="3"/>
				</Component>
			</FlowLayout>
		</FlowLayout>
	</FlowLayout>
</FlowLayout>